-- phpMyAdmin SQL Dump
-- version 5.2.1
-- https://www.phpmyadmin.net/
--
-- Host: 127.0.0.1
-- Generation Time: Jul 06, 2025 at 12:53 AM
-- Server version: 10.4.32-MariaDB
-- PHP Version: 8.1.25

SET SQL_MODE = "NO_AUTO_VALUE_ON_ZERO";
START TRANSACTION;
SET time_zone = "+00:00";


/*!40101 SET @OLD_CHARACTER_SET_CLIENT=@@CHARACTER_SET_CLIENT */;
/*!40101 SET @OLD_CHARACTER_SET_RESULTS=@@CHARACTER_SET_RESULTS */;
/*!40101 SET @OLD_COLLATION_CONNECTION=@@COLLATION_CONNECTION */;
/*!40101 SET NAMES utf8mb4 */;

--
-- Database: `order`
--

-- --------------------------------------------------------

--
-- Table structure for table `cities`
--

CREATE TABLE `cities` (
  `id` bigint(20) UNSIGNED NOT NULL,
  `name` varchar(255) NOT NULL,
  `created_at` timestamp NULL DEFAULT NULL,
  `updated_at` timestamp NULL DEFAULT NULL
) ENGINE=InnoDB DEFAULT CHARSET=utf8mb4 COLLATE=utf8mb4_unicode_ci;

--
-- Dumping data for table `cities`
--

INSERT INTO `cities` (`id`, `name`, `created_at`, `updated_at`) VALUES
(1, 'المنصور', '2023-05-01 17:05:02', '2023-05-01 17:05:02'),
(2, 'الدروة', '2023-05-01 17:05:13', '2023-05-01 17:05:13');

-- --------------------------------------------------------

--
-- Table structure for table `customers`
--

CREATE TABLE `customers` (
  `id` bigint(20) UNSIGNED NOT NULL,
  `customer_name` varchar(255) NOT NULL,
  `customer_link` text NOT NULL,
  `phone1` varchar(255) NOT NULL,
  `phone2` varchar(255) DEFAULT NULL,
  `state` varchar(255) NOT NULL,
  `city` varchar(255) NOT NULL,
  `created_at` timestamp NULL DEFAULT NULL,
  `updated_at` timestamp NULL DEFAULT NULL
) ENGINE=InnoDB DEFAULT CHARSET=utf8mb4 COLLATE=utf8mb4_unicode_ci;

--
-- Dumping data for table `customers`
--

INSERT INTO `customers` (`id`, `customer_name`, `customer_link`, `phone1`, `phone2`, `state`, `city`, `created_at`, `updated_at`) VALUES
(1, 'Consequat Et accusa', 'Recusandae Cillum c', '+1 (441) 834-8055', '+1 (729) 468-4082', 'Qui voluptas dolore', 'Nulla error consecte', '2025-07-03 14:28:43', '2025-07-03 14:28:43');

-- --------------------------------------------------------

--
-- Table structure for table `customer_sale_invoices`
--

CREATE TABLE `customer_sale_invoices` (
  `id` bigint(20) UNSIGNED NOT NULL,
  `customer_id` bigint(20) UNSIGNED NOT NULL,
  `note` text DEFAULT NULL,
  `products` longtext CHARACTER SET utf8mb4 COLLATE utf8mb4_bin NOT NULL CHECK (json_valid(`products`)),
  `total_price` decimal(15,2) NOT NULL DEFAULT 0.00,
  `payment_status` varchar(255) NOT NULL DEFAULT 'pending',
  `order_status` varchar(255) NOT NULL DEFAULT 'draft',
  `created_at` timestamp NULL DEFAULT NULL,
  `updated_at` timestamp NULL DEFAULT NULL
) ENGINE=InnoDB DEFAULT CHARSET=utf8mb4 COLLATE=utf8mb4_unicode_ci;

--
-- Dumping data for table `customer_sale_invoices`
--

INSERT INTO `customer_sale_invoices` (`id`, `customer_id`, `note`, `products`, `total_price`, `payment_status`, `order_status`, `created_at`, `updated_at`) VALUES
(1, 1, 'asd', '[{\"product_id\":84,\"product_name\":\"\\u0647\\u0627\\u062c\\u0631\",\"variant_id\":465,\"variant_name\":\"xxxL\",\"qnt\":3,\"unit_price\":65,\"total_price\":195}]', 195.00, 'paid', 'confirmed', '2025-07-04 07:57:34', '2025-07-04 07:57:34'),
(2, 1, NULL, '[{\"product_id\":84,\"product_name\":\"\\u0647\\u0627\\u062c\\u0631\",\"variant_id\":464,\"variant_name\":\"xxL\",\"qnt\":1,\"unit_price\":65,\"total_price\":65}]', 65.00, 'partial', 'confirmed', '2025-07-04 09:57:49', '2025-07-04 09:57:49');

-- --------------------------------------------------------

--
-- Table structure for table `customer_sale_payments`
--

CREATE TABLE `customer_sale_payments` (
  `id` bigint(20) UNSIGNED NOT NULL,
  `customer_sale_invoice_id` bigint(20) UNSIGNED NOT NULL,
  `amount` decimal(15,2) NOT NULL,
  `remarks` varchar(255) DEFAULT NULL,
  `created_at` timestamp NULL DEFAULT NULL,
  `updated_at` timestamp NULL DEFAULT NULL
) ENGINE=InnoDB DEFAULT CHARSET=utf8mb4 COLLATE=utf8mb4_unicode_ci;

--
-- Dumping data for table `customer_sale_payments`
--

INSERT INTO `customer_sale_payments` (`id`, `customer_sale_invoice_id`, `amount`, `remarks`, `created_at`, `updated_at`) VALUES
(1, 1, 100.00, 'dd', '2025-07-05 17:14:25', '2025-07-05 17:14:25'),
(2, 2, 65.00, '200', '2025-07-05 17:43:26', '2025-07-05 17:43:26');

-- --------------------------------------------------------

--
-- Table structure for table `departments`
--

CREATE TABLE `departments` (
  `id` bigint(20) UNSIGNED NOT NULL,
  `name` varchar(255) NOT NULL,
  `description` text DEFAULT NULL,
  `created_at` timestamp NULL DEFAULT NULL,
  `updated_at` timestamp NULL DEFAULT NULL
) ENGINE=InnoDB DEFAULT CHARSET=utf8mb4 COLLATE=utf8mb4_unicode_ci;

--
-- Dumping data for table `departments`
--

INSERT INTO `departments` (`id`, `name`, `description`, `created_at`, `updated_at`) VALUES
(2, 'TEST', 'asd', '2025-07-02 17:04:26', '2025-07-02 17:04:30');

-- --------------------------------------------------------

--
-- Table structure for table `expenses`
--

CREATE TABLE `expenses` (
  `id` bigint(20) UNSIGNED NOT NULL,
  `name` varchar(255) NOT NULL,
  `amount` decimal(15,2) NOT NULL,
  `date` date NOT NULL,
  `department` bigint(20) UNSIGNED NOT NULL,
  `reference` varchar(255) DEFAULT NULL,
  `notes` text DEFAULT NULL,
  `created_at` timestamp NULL DEFAULT NULL,
  `updated_at` timestamp NULL DEFAULT NULL
) ENGINE=InnoDB DEFAULT CHARSET=utf8mb4 COLLATE=utf8mb4_unicode_ci;

--
-- Dumping data for table `expenses`
--

INSERT INTO `expenses` (`id`, `name`, `amount`, `date`, `department`, `reference`, `notes`, `created_at`, `updated_at`) VALUES
(1, 'Signe Hendrix', 63.00, '2014-01-02', 2, '297', 'Illo inventore vitae', '2025-07-02 17:15:37', '2025-07-02 17:15:37'),
(2, 'Berk Dickerson', 84.00, '2008-06-12', 2, '392', 'Pariatur Consequatu', '2025-07-04 14:25:54', '2025-07-04 14:25:54');

-- --------------------------------------------------------

--
-- Table structure for table `failed_jobs`
--

CREATE TABLE `failed_jobs` (
  `id` bigint(20) UNSIGNED NOT NULL,
  `uuid` varchar(255) NOT NULL,
  `connection` text NOT NULL,
  `queue` text NOT NULL,
  `payload` longtext NOT NULL,
  `exception` longtext NOT NULL,
  `failed_at` timestamp NOT NULL DEFAULT current_timestamp()
) ENGINE=InnoDB DEFAULT CHARSET=utf8mb4 COLLATE=utf8mb4_unicode_ci;

-- --------------------------------------------------------

--
-- Table structure for table `migrations`
--

CREATE TABLE `migrations` (
  `id` int(10) UNSIGNED NOT NULL,
  `migration` varchar(255) NOT NULL,
  `batch` int(11) NOT NULL
) ENGINE=InnoDB DEFAULT CHARSET=utf8mb4 COLLATE=utf8mb4_unicode_ci;

--
-- Dumping data for table `migrations`
--

INSERT INTO `migrations` (`id`, `migration`, `batch`) VALUES
(1, '2014_10_12_000000_create_users_table', 1),
(2, '2014_10_12_100000_create_password_resets_table', 1),
(3, '2019_08_19_000000_create_failed_jobs_table', 1),
(4, '2019_12_14_000001_create_personal_access_tokens_table', 1),
(5, '2022_12_24_083934_create_permission_tables', 1),
(7, '2022_12_24_213455_create_orders_table', 2),
(8, '2022_12_28_111300_create_site_settings_table', 3),
(9, '2025_07_02_172220_create_suppliers_table', 4),
(10, '2025_07_02_225633_create_departments_table', 5),
(11, '2025_07_02_230651_create_expenses_table', 6),
(12, '2025_07_03_141617_create_customers_table', 7),
(13, '2025_07_03_175709_create_purchase_invoices_table', 8),
(14, '2025_07_03_224351_create_customer_sale_invoices_table', 9),
(15, '2025_07_05_134608_create_purchase_payments_table', 10),
(16, '2025_07_05_230802_create_customer_sale_payments_table', 11);

-- --------------------------------------------------------

--
-- Table structure for table `model_has_permissions`
--

CREATE TABLE `model_has_permissions` (
  `permission_id` bigint(20) UNSIGNED NOT NULL,
  `model_type` varchar(255) NOT NULL,
  `model_id` bigint(20) UNSIGNED NOT NULL
) ENGINE=InnoDB DEFAULT CHARSET=utf8mb4 COLLATE=utf8mb4_unicode_ci;

-- --------------------------------------------------------

--
-- Table structure for table `model_has_roles`
--

CREATE TABLE `model_has_roles` (
  `role_id` bigint(20) UNSIGNED NOT NULL,
  `model_type` varchar(255) NOT NULL,
  `model_id` bigint(20) UNSIGNED NOT NULL
) ENGINE=InnoDB DEFAULT CHARSET=utf8mb4 COLLATE=utf8mb4_unicode_ci;

--
-- Dumping data for table `model_has_roles`
--

INSERT INTO `model_has_roles` (`role_id`, `model_type`, `model_id`) VALUES
(1, 'App\\Models\\User', 1);

-- --------------------------------------------------------

--
-- Table structure for table `orders`
--

CREATE TABLE `orders` (
  `id` bigint(20) UNSIGNED NOT NULL,
  `order_number` varchar(255) NOT NULL,
  `customer_name` varchar(255) NOT NULL,
  `customer_link` text DEFAULT NULL,
  `phone1` varchar(255) NOT NULL,
  `phone2` varchar(255) DEFAULT NULL,
  `state` varchar(255) DEFAULT NULL,
  `city` varchar(255) DEFAULT NULL,
  `product_type` varchar(255) DEFAULT NULL,
  `qnt` int(11) NOT NULL,
  `price` double(8,2) DEFAULT NULL,
  `note` text DEFAULT NULL,
  `page_name` varchar(255) NOT NULL,
  `admin_id` int(11) NOT NULL,
  `admin_name` varchar(255) NOT NULL,
  `status` varchar(255) NOT NULL DEFAULT 'pending',
  `shiping` text DEFAULT NULL,
  `is_printed` varchar(255) DEFAULT 'no',
  `print` int(11) NOT NULL DEFAULT 0,
  `city_id` int(11) DEFAULT NULL,
  `page_id` int(11) DEFAULT NULL,
  `shiping_id` int(11) DEFAULT NULL,
  `address` text DEFAULT NULL,
  `created_at` timestamp NULL DEFAULT NULL,
  `updated_at` timestamp NULL DEFAULT NULL
) ENGINE=InnoDB DEFAULT CHARSET=utf8mb4 COLLATE=utf8mb4_unicode_ci;

--
-- Dumping data for table `orders`
--

INSERT INTO `orders` (`id`, `order_number`, `customer_name`, `customer_link`, `phone1`, `phone2`, `state`, `city`, `product_type`, `qnt`, `price`, `note`, `page_name`, `admin_id`, `admin_name`, `status`, `shiping`, `is_printed`, `print`, `city_id`, `page_id`, `shiping_id`, `address`, `created_at`, `updated_at`) VALUES
(1000, 'd25230', 'زبون', NULL, '07711497413', '07711497413', 'بغداد', NULL, NULL, 1, 50.00, NULL, 'نمبر وان للعباءة الخليجيه', 1, 'Super Admin', 'canceled', 'وئام بغداد', 'yes', 0, NULL, 2, 2, 'العطيفية', '2025-05-09 21:07:34', '2025-05-10 14:17:17'),
(1001, '3b4d6f', 'زبون', NULL, '07711497413', '07711497413', 'بغداد', NULL, NULL, 1, 50.00, NULL, 'نمبر وان للعباءة الخليجيه', 1, 'Super Admin', 'canceled', 'وئام بغداد', 'yes', 0, NULL, 2, 2, 'العطيفية', '2025-05-09 21:24:39', '2025-05-10 14:17:04'),
(1744, '295360', 'زبون', NULL, '07711497413', '07711497413', 'بغداد', NULL, NULL, 1, 70.00, 'الوزن 70\nالطول 156', 'نمبر وان للعباءة الخليجيه', 1, 'Super Admin', 'pending', 'وئام بغداد', 'yes', 0, NULL, 2, 2, 'حي العدل الزراعي \nمال العدل قرب مكتب \nالنائبه عاليه نصيف', '2025-07-02 03:02:49', '2025-07-02 03:19:24'),
(1745, '0f9da2', 'زبون', NULL, '07711497413', '07711497413', 'ديالى', NULL, NULL, 1, 70.00, 'الوزن 106\nالطول170', 'نمبر وان للعباءة الخليجيه', 1, 'Super Admin', 'pending', 'وئام بغداد', 'yes', 0, NULL, 2, 2, 'دلي عباس شارع\nشروين', '2025-07-02 03:06:24', '2025-07-02 03:19:24');

-- --------------------------------------------------------

--
-- Table structure for table `order_products`
--

CREATE TABLE `order_products` (
  `id` bigint(20) UNSIGNED NOT NULL,
  `order_id` bigint(20) UNSIGNED NOT NULL,
  `product_id` int(11) NOT NULL,
  `variation_id` int(11) NOT NULL,
  `quantity` int(11) NOT NULL,
  `net_price` double NOT NULL DEFAULT 0,
  `sub_total_price` double NOT NULL DEFAULT 0,
  `created_at` timestamp NULL DEFAULT NULL,
  `updated_at` timestamp NULL DEFAULT NULL
) ENGINE=InnoDB DEFAULT CHARSET=utf8mb4 COLLATE=utf8mb4_unicode_ci;

--
-- Dumping data for table `order_products`
--

INSERT INTO `order_products` (`id`, `order_id`, `product_id`, `variation_id`, `quantity`, `net_price`, `sub_total_price`, `created_at`, `updated_at`) VALUES
(2, 1000, 2, 2, 1, 50, 50, '2025-05-09 21:07:34', '2025-05-09 21:07:34'),
(3, 1001, 2, 3, 1, 50, 50, '2025-05-09 21:24:39', '2025-05-09 21:24:39'),
(4, 1002, 2, 4, 1, 50, 50, '2025-05-09 21:27:41', '2025-05-09 21:27:41'),
(5, 1003, 2, 2, 1, 50, 50, '2025-05-10 14:18:18', '2025-05-10 14:18:18'),
(7, 1004, 2, 4, 1, 50, 50, '2025-05-23 01:09:04', '2025-05-23 01:09:04'),
(8, 1005, 2, 5, 1, 50, 50, '2025-05-23 01:10:39', '2025-05-23 01:10:39'),
(10, 1006, 34, 238, 1, 65, 65, '2025-05-30 00:37:58', '2025-05-30 00:37:58'),
(11, 1007, 36, 248, 1, 60, 60, '2025-05-30 00:41:24', '2025-05-30 00:41:24'),
(12, 1008, 45, 286, 1, 60, 60, '2025-05-30 00:46:57', '2025-05-30 00:46:57'),
(13, 1009, 34, 236, 1, 65, 65, '2025-05-30 00:48:58', '2025-05-30 00:48:58'),
(14, 1010, 35, 241, 1, 60, 60, '2025-05-30 00:51:31', '2025-05-30 00:51:31'),
(15, 1011, 33, 234, 1, 60, 60, '2025-05-30 00:53:49', '2025-05-30 00:53:49'),
(16, 1012, 36, 249, 1, 60, 60, '2025-05-30 00:55:35', '2025-05-30 00:55:35'),
(17, 1013, 33, 232, 1, 60, 60, '2025-05-30 00:57:42', '2025-05-30 00:57:42'),
(18, 1014, 46, 289, 1, 65, 65, '2025-05-30 01:04:42', '2025-05-30 01:04:42'),
(19, 1015, 33, 233, 1, 60, 60, '2025-05-30 01:07:34', '2025-05-30 01:07:34'),
(20, 1016, 33, 232, 1, 60, 60, '2025-05-30 01:10:06', '2025-05-30 01:10:06'),
(21, 1017, 34, 239, 1, 65, 65, '2025-05-30 01:11:40', '2025-05-30 01:11:40'),
(22, 1018, 35, 243, 1, 60, 60, '2025-05-30 01:13:42', '2025-05-30 01:13:42'),
(23, 1019, 34, 239, 1, 65, 65, '2025-05-30 01:15:20', '2025-05-30 01:15:20'),
(24, 1020, 34, 239, 1, 65, 65, '2025-05-30 01:18:10', '2025-05-30 01:18:10'),
(25, 1021, 40, 262, 1, 65, 65, '2025-05-30 01:22:01', '2025-05-30 01:22:01'),
(26, 1022, 33, 233, 1, 60, 60, '2025-05-30 01:23:53', '2025-05-30 01:23:53'),
(27, 1023, 34, 239, 1, 65, 65, '2025-05-30 01:26:32', '2025-05-30 01:26:32'),
(28, 1024, 33, 232, 1, 60, 60, '2025-05-30 01:27:38', '2025-05-30 01:27:38'),
(29, 1025, 33, 235, 1, 60, 60, '2025-05-30 01:29:02', '2025-05-30 01:29:02'),
(30, 1026, 34, 236, 1, 65, 65, '2025-05-30 01:32:57', '2025-05-30 01:32:57'),
(31, 1027, 34, 239, 1, 65, 65, '2025-05-30 01:34:28', '2025-05-30 01:34:28'),
(32, 1028, 47, 296, 1, 60, 60, '2025-05-30 01:41:13', '2025-05-30 01:41:13'),
(33, 1029, 48, 298, 1, 65, 65, '2025-05-30 01:43:37', '2025-05-30 01:43:37'),
(34, 1030, 33, 234, 1, 60, 60, '2025-05-30 01:45:13', '2025-05-30 01:45:13'),
(35, 1031, 34, 238, 1, 65, 65, '2025-05-30 01:47:22', '2025-05-30 01:47:22'),
(36, 1032, 33, 233, 1, 60, 60, '2025-05-30 01:54:35', '2025-05-30 01:54:35'),
(37, 1033, 36, 246, 1, 60, 60, '2025-05-30 01:56:12', '2025-05-30 01:56:12'),
(38, 1034, 35, 243, 1, 60, 60, '2025-05-30 01:57:47', '2025-05-30 01:57:47'),
(39, 1035, 34, 239, 1, 65, 65, '2025-05-30 01:59:18', '2025-05-30 01:59:18'),
(40, 1036, 48, 302, 1, 65, 65, '2025-05-30 02:04:21', '2025-05-30 02:04:21'),
(41, 1037, 36, 247, 1, 60, 60, '2025-05-30 02:06:14', '2025-05-30 02:06:14'),
(42, 1038, 34, 236, 1, 65, 65, '2025-05-30 02:08:07', '2025-05-30 02:08:07'),
(43, 1039, 34, 239, 1, 65, 65, '2025-05-30 02:10:39', '2025-05-30 02:10:39'),
(44, 1040, 33, 235, 1, 60, 60, '2025-05-30 02:22:10', '2025-05-30 02:22:10'),
(45, 1041, 49, 306, 1, 60, 60, '2025-05-30 02:24:52', '2025-05-30 02:24:52'),
(46, 1042, 33, 234, 1, 60, 60, '2025-05-30 02:26:13', '2025-05-30 02:26:13'),
(47, 1043, 34, 237, 1, 65, 65, '2025-05-30 02:27:45', '2025-05-30 02:27:45'),
(48, 1044, 36, 248, 1, 60, 60, '2025-05-30 02:29:18', '2025-05-30 02:29:18'),
(49, 1045, 34, 238, 1, 65, 65, '2025-05-30 02:31:21', '2025-05-30 02:31:21'),
(50, 1046, 33, 235, 1, 60, 60, '2025-05-30 02:32:40', '2025-05-30 02:32:40'),
(51, 1047, 46, 291, 1, 65, 65, '2025-05-30 02:33:56', '2025-05-30 02:33:56'),
(52, 1048, 33, 235, 1, 60, 60, '2025-05-30 02:36:30', '2025-05-30 02:36:30'),
(53, 1049, 34, 236, 1, 65, 65, '2025-05-30 02:40:29', '2025-05-30 02:40:29'),
(54, 1050, 34, 236, 1, 65, 65, '2025-05-30 02:53:23', '2025-05-30 02:53:23'),
(55, 1051, 33, 234, 1, 60, 60, '2025-05-30 03:00:58', '2025-05-30 03:00:58'),
(56, 1052, 35, 240, 1, 60, 60, '2025-05-30 03:03:44', '2025-05-30 03:03:44'),
(57, 1052, 35, 241, 1, 60, 60, '2025-05-30 03:03:44', '2025-05-30 03:03:44'),
(58, 1052, 35, 242, 1, 60, 60, '2025-05-30 03:03:44', '2025-05-30 03:03:44'),
(59, 1052, 35, 243, 1, 60, 60, '2025-05-30 03:03:44', '2025-05-30 03:03:44'),
(60, 1052, 33, 232, 1, 60, 60, '2025-05-30 03:03:44', '2025-05-30 03:03:44'),
(61, 1052, 33, 233, 1, 60, 60, '2025-05-30 03:03:44', '2025-05-30 03:03:44'),
(62, 1052, 33, 234, 1, 60, 60, '2025-05-30 03:03:44', '2025-05-30 03:03:44'),
(63, 1052, 33, 235, 1, 60, 60, '2025-05-30 03:03:44', '2025-05-30 03:03:44'),
(64, 1053, 35, 240, 1, 60, 60, '2025-05-30 03:08:10', '2025-05-30 03:08:10'),
(65, 1053, 35, 240, 1, 60, 60, '2025-05-30 03:08:10', '2025-05-30 03:08:10'),
(66, 1053, 35, 241, 1, 60, 60, '2025-05-30 03:08:10', '2025-05-30 03:08:10'),
(67, 1053, 35, 241, 1, 60, 60, '2025-05-30 03:08:10', '2025-05-30 03:08:10'),
(68, 1053, 35, 242, 1, 60, 60, '2025-05-30 03:08:10', '2025-05-30 03:08:10'),
(69, 1053, 35, 242, 1, 60, 60, '2025-05-30 03:08:10', '2025-05-30 03:08:10'),
(70, 1053, 35, 243, 1, 60, 60, '2025-05-30 03:08:10', '2025-05-30 03:08:10'),
(71, 1053, 35, 243, 1, 60, 60, '2025-05-30 03:08:10', '2025-05-30 03:08:10'),
(72, 1054, 33, 233, 1, 60, 60, '2025-05-30 14:28:43', '2025-05-30 14:28:43'),
(73, 1055, 36, 246, 1, 60, 60, '2025-05-30 14:36:51', '2025-05-30 14:36:51'),
(74, 1056, 36, 248, 1, 60, 60, '2025-05-30 14:42:47', '2025-05-30 14:42:47'),
(75, 1057, 35, 242, 1, 60, 60, '2025-05-30 14:45:17', '2025-05-30 14:45:17'),
(76, 1058, 35, 243, 1, 60, 60, '2025-05-30 14:47:53', '2025-05-30 14:47:53'),
(77, 1059, 48, 301, 1, 65, 65, '2025-05-30 14:52:18', '2025-05-30 14:52:18'),
(78, 1060, 33, 233, 1, 60, 60, '2025-05-30 14:55:43', '2025-05-30 14:55:43'),
(79, 1061, 33, 233, 1, 60, 60, '2025-05-30 16:19:17', '2025-05-30 16:19:17'),
(80, 1062, 50, 309, 1, 60, 60, '2025-05-30 16:41:48', '2025-05-30 16:41:48'),
(81, 1063, 35, 242, 1, 60, 60, '2025-05-30 21:26:36', '2025-05-30 21:26:36'),
(82, 1064, 35, 240, 1, 60, 60, '2025-05-30 22:51:46', '2025-05-30 22:51:46'),
(83, 1065, 33, 234, 1, 60, 60, '2025-05-30 22:58:11', '2025-05-30 22:58:11'),
(84, 1066, 50, 311, 1, 60, 60, '2025-05-30 23:18:08', '2025-05-30 23:18:08'),
(85, 1067, 33, 233, 1, 60, 60, '2025-05-30 23:29:01', '2025-05-30 23:29:01'),
(86, 1068, 35, 242, 1, 60, 60, '2025-05-30 23:35:02', '2025-05-30 23:35:02'),
(87, 1069, 33, 233, 1, 60, 60, '2025-05-30 23:37:45', '2025-05-30 23:37:45'),
(88, 1070, 33, 232, 1, 60, 60, '2025-05-30 23:45:31', '2025-05-30 23:45:31'),
(89, 1071, 35, 242, 1, 60, 60, '2025-05-30 23:48:33', '2025-05-30 23:48:33'),
(90, 1072, 35, 243, 1, 60, 60, '2025-05-30 23:51:00', '2025-05-30 23:51:00'),
(91, 1073, 46, 291, 1, 65, 65, '2025-05-30 23:56:13', '2025-05-30 23:56:13'),
(92, 1074, 36, 246, 1, 60, 60, '2025-05-30 23:59:36', '2025-05-30 23:59:36'),
(93, 1075, 35, 242, 1, 60, 60, '2025-05-31 00:02:00', '2025-05-31 00:02:00'),
(94, 1076, 33, 233, 1, 60, 60, '2025-05-31 00:07:28', '2025-05-31 00:07:28'),
(95, 1077, 36, 247, 1, 60, 60, '2025-05-31 00:11:06', '2025-05-31 00:11:06'),
(96, 1078, 35, 242, 1, 60, 60, '2025-05-31 00:14:07', '2025-05-31 00:14:07'),
(97, 1079, 48, 301, 1, 65, 65, '2025-05-31 00:16:39', '2025-05-31 00:16:39'),
(98, 1080, 48, 301, 1, 65, 65, '2025-05-31 00:20:52', '2025-05-31 00:20:52'),
(99, 1081, 46, 291, 1, 65, 65, '2025-05-31 00:25:32', '2025-05-31 00:25:32'),
(100, 1082, 40, 265, 1, 65, 65, '2025-05-31 00:33:39', '2025-05-31 00:33:39'),
(101, 1083, 33, 232, 1, 60, 60, '2025-05-31 00:40:52', '2025-05-31 00:40:52'),
(102, 1084, 36, 248, 1, 60, 60, '2025-05-31 00:50:04', '2025-05-31 00:50:04'),
(103, 1085, 33, 235, 1, 60, 60, '2025-05-31 00:52:40', '2025-05-31 00:52:40'),
(104, 1086, 35, 242, 1, 60, 60, '2025-05-31 00:54:55', '2025-05-31 00:54:55'),
(105, 1087, 35, 242, 1, 60, 60, '2025-05-31 00:56:35', '2025-05-31 00:56:35'),
(106, 1088, 36, 246, 1, 60, 60, '2025-05-31 00:59:18', '2025-05-31 00:59:18'),
(107, 1089, 36, 246, 1, 60, 60, '2025-05-31 00:59:25', '2025-05-31 00:59:25'),
(108, 1090, 36, 245, 1, 60, 60, '2025-05-31 01:02:04', '2025-05-31 01:02:04'),
(109, 1091, 33, 234, 1, 60, 60, '2025-05-31 01:05:48', '2025-05-31 01:05:48'),
(110, 1092, 49, 304, 1, 60, 60, '2025-05-31 01:11:05', '2025-05-31 01:11:05'),
(111, 1093, 51, 314, 1, 60, 60, '2025-05-31 01:13:59', '2025-05-31 01:13:59'),
(112, 1094, 51, 314, 1, 60, 60, '2025-05-31 01:16:55', '2025-05-31 01:16:55'),
(113, 1094, 35, 240, 1, 60, 60, '2025-05-31 01:16:55', '2025-05-31 01:16:55'),
(114, 1095, 35, 241, 1, 60, 60, '2025-05-31 01:17:31', '2025-05-31 01:17:31'),
(115, 1096, 3, 212, 1, 65, 65, '2025-05-31 01:24:55', '2025-05-31 01:24:55'),
(116, 1097, 3, 212, 1, 65, 65, '2025-05-31 01:33:58', '2025-05-31 01:33:58'),
(117, 1098, 33, 235, 1, 60, 60, '2025-05-31 01:43:46', '2025-05-31 01:43:46'),
(118, 1099, 36, 246, 1, 60, 60, '2025-05-31 01:44:09', '2025-05-31 01:44:09'),
(119, 1100, 35, 243, 1, 60, 60, '2025-05-31 01:46:40', '2025-05-31 01:46:40'),
(120, 1101, 33, 235, 1, 60, 60, '2025-05-31 01:49:28', '2025-05-31 01:49:28'),
(121, 1102, 32, 226, 1, 65, 65, '2025-05-31 01:51:42', '2025-05-31 01:51:42'),
(122, 1103, 48, 301, 1, 65, 65, '2025-05-31 01:51:54', '2025-05-31 01:51:54'),
(123, 1104, 36, 245, 1, 60, 60, '2025-05-31 01:55:50', '2025-05-31 01:55:50'),
(124, 1105, 48, 301, 1, 65, 65, '2025-05-31 02:01:18', '2025-05-31 02:01:18'),
(125, 1106, 49, 306, 1, 60, 60, '2025-05-31 02:01:42', '2025-05-31 02:01:42'),
(126, 1107, 48, 302, 1, 65, 65, '2025-05-31 02:19:57', '2025-05-31 02:19:57'),
(127, 1108, 35, 243, 1, 60, 60, '2025-05-31 02:23:25', '2025-05-31 02:23:25'),
(128, 1109, 33, 234, 1, 60, 60, '2025-05-31 02:27:50', '2025-05-31 02:27:50'),
(129, 1110, 40, 263, 1, 65, 65, '2025-05-31 02:30:05', '2025-05-31 02:30:05'),
(130, 1111, 51, 317, 1, 60, 60, '2025-05-31 02:39:41', '2025-05-31 02:39:41'),
(131, 1112, 33, 232, 1, 60, 60, '2025-05-31 13:50:03', '2025-05-31 13:50:03'),
(132, 1113, 35, 242, 1, 60, 60, '2025-05-31 14:12:28', '2025-05-31 14:12:28'),
(133, 1114, 33, 235, 1, 60, 60, '2025-05-31 14:20:53', '2025-05-31 14:20:53'),
(134, 1115, 3, 215, 1, 65, 65, '2025-05-31 14:28:24', '2025-05-31 14:28:24'),
(135, 1116, 36, 245, 1, 60, 60, '2025-05-31 17:11:25', '2025-05-31 17:11:25'),
(136, 1117, 36, 246, 1, 60, 60, '2025-05-31 21:25:23', '2025-05-31 21:25:23'),
(137, 1118, 51, 315, 1, 60, 60, '2025-05-31 21:31:36', '2025-05-31 21:31:36'),
(138, 1119, 33, 235, 1, 60, 60, '2025-05-31 21:36:05', '2025-05-31 21:36:05'),
(139, 1120, 36, 244, 1, 60, 60, '2025-05-31 21:40:41', '2025-05-31 21:40:41'),
(140, 1121, 49, 306, 1, 60, 60, '2025-05-31 21:53:18', '2025-05-31 21:53:18'),
(141, 1122, 35, 243, 1, 60, 60, '2025-05-31 22:15:51', '2025-05-31 22:15:51'),
(142, 1123, 38, 256, 1, 60, 60, '2025-05-31 22:27:35', '2025-05-31 22:27:35'),
(143, 1124, 38, 257, 1, 60, 60, '2025-05-31 22:36:36', '2025-05-31 22:36:36'),
(144, 1125, 33, 232, 1, 60, 60, '2025-05-31 22:40:58', '2025-05-31 22:40:58'),
(145, 1126, 33, 232, 1, 60, 60, '2025-05-31 22:56:45', '2025-05-31 22:56:45'),
(146, 1127, 38, 255, 1, 60, 60, '2025-05-31 23:02:35', '2025-05-31 23:02:35'),
(147, 1128, 36, 247, 1, 60, 60, '2025-05-31 23:16:27', '2025-05-31 23:16:27'),
(148, 1129, 36, 247, 1, 60, 60, '2025-05-31 23:18:55', '2025-05-31 23:18:55'),
(149, 1130, 35, 243, 1, 60, 60, '2025-05-31 23:22:25', '2025-05-31 23:22:25'),
(150, 1131, 33, 234, 1, 60, 60, '2025-05-31 23:24:27', '2025-05-31 23:24:27'),
(151, 1132, 36, 246, 1, 60, 60, '2025-05-31 23:31:25', '2025-05-31 23:31:25'),
(152, 1133, 33, 234, 1, 60, 60, '2025-05-31 23:33:54', '2025-05-31 23:33:54'),
(153, 1134, 35, 241, 1, 60, 60, '2025-05-31 23:36:54', '2025-05-31 23:36:54'),
(154, 1135, 33, 234, 1, 60, 60, '2025-05-31 23:40:44', '2025-05-31 23:40:44'),
(155, 1136, 35, 241, 1, 60, 60, '2025-05-31 23:47:18', '2025-05-31 23:47:18'),
(156, 1137, 48, 303, 1, 65, 65, '2025-06-01 00:12:49', '2025-06-01 00:12:49'),
(157, 1138, 35, 240, 1, 60, 60, '2025-06-01 00:16:38', '2025-06-01 00:16:38'),
(158, 1139, 36, 244, 1, 60, 60, '2025-06-01 00:26:58', '2025-06-01 00:26:58'),
(159, 1140, 48, 303, 1, 65, 65, '2025-06-01 00:29:21', '2025-06-01 00:29:21'),
(160, 1141, 36, 246, 1, 60, 60, '2025-06-01 00:32:30', '2025-06-01 00:32:30'),
(161, 1142, 36, 246, 1, 60, 60, '2025-06-01 00:37:59', '2025-06-01 00:37:59'),
(162, 1143, 36, 246, 1, 60, 60, '2025-06-01 00:40:35', '2025-06-01 00:40:35'),
(163, 1144, 36, 249, 1, 60, 60, '2025-06-01 00:42:14', '2025-06-01 00:42:14'),
(164, 1145, 33, 235, 1, 60, 60, '2025-06-01 00:47:35', '2025-06-01 00:47:35'),
(165, 1146, 35, 243, 1, 60, 60, '2025-06-01 00:51:02', '2025-06-01 00:51:02'),
(166, 1147, 36, 249, 1, 60, 60, '2025-06-01 00:57:04', '2025-06-01 00:57:04'),
(167, 1148, 33, 234, 1, 60, 60, '2025-06-01 00:59:07', '2025-06-01 00:59:07'),
(168, 1149, 35, 241, 1, 60, 60, '2025-06-01 01:01:33', '2025-06-01 01:01:33'),
(169, 1150, 33, 232, 1, 60, 60, '2025-06-01 01:03:49', '2025-06-01 01:03:49'),
(170, 1151, 33, 235, 1, 60, 60, '2025-06-01 01:06:22', '2025-06-01 01:06:22'),
(171, 1152, 36, 245, 1, 60, 60, '2025-06-01 01:13:59', '2025-06-01 01:13:59'),
(172, 1153, 48, 298, 1, 65, 65, '2025-06-01 01:16:29', '2025-06-01 01:16:29'),
(173, 1154, 33, 233, 1, 60, 60, '2025-06-01 01:27:08', '2025-06-01 01:27:08'),
(174, 1155, 35, 241, 1, 60, 60, '2025-06-01 01:32:08', '2025-06-01 01:32:08'),
(175, 1156, 52, 318, 1, 0, 0, '2025-06-01 01:43:10', '2025-06-01 01:43:10'),
(176, 1157, 39, 261, 1, 60, 60, '2025-06-01 01:49:11', '2025-06-01 01:49:11'),
(177, 1158, 52, 318, 1, 0, 0, '2025-06-01 01:50:53', '2025-06-01 01:50:53'),
(178, 1159, 36, 244, 1, 60, 60, '2025-06-01 11:20:01', '2025-06-01 11:20:01'),
(179, 1160, 36, 247, 1, 60, 60, '2025-06-01 11:26:31', '2025-06-01 11:26:31'),
(180, 1161, 35, 240, 1, 60, 60, '2025-06-01 13:49:37', '2025-06-01 13:49:37'),
(181, 1162, 3, 214, 1, 65, 65, '2025-06-01 16:17:17', '2025-06-01 16:17:17'),
(182, 1163, 38, 257, 1, 60, 60, '2025-06-01 16:53:05', '2025-06-01 16:53:05'),
(183, 1164, 36, 244, 1, 60, 60, '2025-06-01 17:32:18', '2025-06-01 17:32:18'),
(184, 1165, 33, 233, 1, 60, 60, '2025-06-01 22:56:32', '2025-06-01 22:56:32'),
(185, 1166, 36, 244, 1, 60, 60, '2025-06-01 22:59:42', '2025-06-01 22:59:42'),
(186, 1167, 35, 241, 1, 60, 60, '2025-06-01 23:02:24', '2025-06-01 23:02:24'),
(187, 1168, 33, 233, 1, 60, 60, '2025-06-01 23:04:09', '2025-06-01 23:04:09'),
(189, 1169, 36, 246, 1, 60, 60, '2025-06-01 23:10:27', '2025-06-01 23:10:27'),
(190, 1170, 35, 240, 1, 60, 60, '2025-06-01 23:16:58', '2025-06-01 23:16:58'),
(191, 1171, 36, 244, 1, 60, 60, '2025-06-01 23:19:15', '2025-06-01 23:19:15'),
(192, 1171, 36, 245, 1, 60, 60, '2025-06-01 23:19:15', '2025-06-01 23:19:15'),
(193, 1172, 36, 244, 1, 60, 60, '2025-06-01 23:49:52', '2025-06-01 23:49:52'),
(194, 1173, 36, 246, 1, 60, 60, '2025-06-02 00:00:44', '2025-06-02 00:00:44'),
(195, 1174, 36, 248, 1, 60, 60, '2025-06-02 00:09:10', '2025-06-02 00:09:10'),
(196, 1175, 36, 248, 1, 60, 60, '2025-06-02 00:21:07', '2025-06-02 00:21:07'),
(197, 1176, 33, 235, 1, 60, 60, '2025-06-02 00:36:20', '2025-06-02 00:36:20'),
(198, 1177, 33, 232, 1, 60, 60, '2025-06-02 00:45:06', '2025-06-02 00:45:06'),
(199, 1178, 36, 246, 1, 60, 60, '2025-06-02 00:53:10', '2025-06-02 00:53:10'),
(203, 1179, 36, 247, 1, 60, 60, '2025-06-02 00:58:27', '2025-06-02 00:58:27'),
(205, 1180, 33, 235, 1, 60, 60, '2025-06-02 01:07:54', '2025-06-02 01:07:54'),
(206, 1181, 36, 244, 1, 60, 60, '2025-06-02 01:15:41', '2025-06-02 01:15:41'),
(207, 1182, 36, 247, 1, 60, 60, '2025-06-02 01:22:35', '2025-06-02 01:22:35'),
(208, 1183, 36, 247, 1, 60, 60, '2025-06-02 01:23:01', '2025-06-02 01:23:01'),
(209, 1184, 35, 241, 1, 60, 60, '2025-06-02 01:28:50', '2025-06-02 01:28:50'),
(210, 1185, 36, 248, 1, 60, 60, '2025-06-02 01:36:41', '2025-06-02 01:36:41'),
(211, 1185, 38, 256, 1, 60, 60, '2025-06-02 01:36:41', '2025-06-02 01:36:41'),
(212, 1186, 51, 315, 1, 60, 60, '2025-06-02 01:38:59', '2025-06-02 01:38:59'),
(213, 1187, 51, 314, 1, 60, 60, '2025-06-02 01:40:02', '2025-06-02 01:40:02'),
(214, 1188, 51, 314, 1, 60, 60, '2025-06-02 01:40:57', '2025-06-02 01:40:57'),
(215, 1189, 51, 314, 1, 60, 60, '2025-06-02 01:42:08', '2025-06-02 01:42:08'),
(216, 1190, 51, 315, 1, 60, 60, '2025-06-02 01:44:46', '2025-06-02 01:44:46'),
(217, 1191, 51, 314, 1, 60, 60, '2025-06-02 01:45:59', '2025-06-02 01:45:59'),
(218, 1192, 35, 242, 1, 60, 60, '2025-06-02 01:47:01', '2025-06-02 01:47:01'),
(219, 1193, 38, 254, 1, 60, 60, '2025-06-02 01:50:33', '2025-06-02 01:50:33'),
(220, 1194, 51, 314, 1, 60, 60, '2025-06-02 01:51:21', '2025-06-02 01:51:21'),
(221, 1195, 51, 315, 1, 60, 60, '2025-06-02 01:55:04', '2025-06-02 01:55:04'),
(222, 1195, 51, 316, 1, 60, 60, '2025-06-02 01:55:04', '2025-06-02 01:55:04'),
(223, 1196, 51, 315, 1, 60, 60, '2025-06-02 01:56:16', '2025-06-02 01:56:16'),
(224, 1197, 33, 234, 1, 60, 60, '2025-06-02 02:01:31', '2025-06-02 02:01:31'),
(225, 1198, 36, 247, 1, 60, 60, '2025-06-02 02:08:41', '2025-06-02 02:08:41'),
(226, 1199, 33, 234, 1, 60, 60, '2025-06-02 02:16:58', '2025-06-02 02:16:58'),
(227, 1200, 35, 242, 1, 60, 60, '2025-06-02 02:28:45', '2025-06-02 02:28:45'),
(228, 1201, 36, 247, 1, 60, 60, '2025-06-02 02:37:06', '2025-06-02 02:37:06'),
(229, 1202, 51, 316, 1, 60, 60, '2025-06-02 02:46:57', '2025-06-02 02:46:57'),
(230, 1203, 40, 265, 1, 65, 65, '2025-06-02 02:47:44', '2025-06-02 02:47:44'),
(231, 1204, 36, 248, 1, 60, 60, '2025-06-02 03:00:09', '2025-06-02 03:00:09'),
(232, 1205, 35, 243, 1, 60, 60, '2025-06-02 03:06:02', '2025-06-02 03:06:02'),
(233, 1206, 33, 233, 1, 60, 60, '2025-06-02 03:09:28', '2025-06-02 03:09:28'),
(234, 1207, 35, 243, 1, 60, 60, '2025-06-02 03:13:41', '2025-06-02 03:13:41'),
(235, 1208, 35, 243, 1, 60, 60, '2025-06-02 16:34:47', '2025-06-02 16:34:47'),
(236, 1209, 33, 234, 1, 60, 60, '2025-06-02 19:50:22', '2025-06-02 19:50:22'),
(237, 1209, 31, 222, 1, 65, 65, '2025-06-02 19:50:22', '2025-06-02 19:50:22'),
(238, 1210, 36, 248, 1, 60, 60, '2025-06-02 20:00:44', '2025-06-02 20:00:44'),
(239, 1211, 51, 316, 1, 60, 60, '2025-06-02 20:13:09', '2025-06-02 20:13:09'),
(240, 1212, 35, 240, 1, 60, 60, '2025-06-02 20:32:17', '2025-06-02 20:32:17'),
(241, 1213, 36, 244, 1, 60, 60, '2025-06-02 20:57:03', '2025-06-02 20:57:03'),
(242, 1214, 35, 243, 1, 60, 60, '2025-06-02 23:16:52', '2025-06-02 23:16:52'),
(243, 1215, 33, 232, 1, 60, 60, '2025-06-02 23:43:30', '2025-06-02 23:43:30'),
(244, 1216, 50, 311, 1, 60, 60, '2025-06-02 23:52:07', '2025-06-02 23:52:07'),
(245, 1217, 35, 241, 1, 60, 60, '2025-06-03 01:02:19', '2025-06-03 01:02:19'),
(246, 1218, 35, 242, 1, 60, 60, '2025-06-03 01:24:55', '2025-06-03 01:24:55'),
(247, 1219, 48, 299, 1, 65, 65, '2025-06-03 01:34:24', '2025-06-03 01:34:24'),
(248, 1220, 3, 213, 1, 65, 65, '2025-06-03 01:40:33', '2025-06-03 01:40:33'),
(249, 1221, 49, 307, 1, 60, 60, '2025-06-03 01:45:46', '2025-06-03 01:45:46'),
(250, 1222, 36, 244, 1, 60, 60, '2025-06-03 01:52:13', '2025-06-03 01:52:13'),
(251, 1223, 36, 244, 1, 60, 60, '2025-06-03 01:53:23', '2025-06-03 01:53:23'),
(252, 1224, 36, 246, 1, 60, 60, '2025-06-03 02:10:38', '2025-06-03 02:10:38'),
(253, 1225, 52, 318, 1, 0, 0, '2025-06-03 02:13:05', '2025-06-03 02:13:05'),
(254, 1226, 35, 241, 1, 60, 60, '2025-06-03 02:19:14', '2025-06-03 02:19:14'),
(255, 1227, 51, 315, 1, 60, 60, '2025-06-03 02:21:40', '2025-06-03 02:21:40'),
(256, 1228, 52, 318, 1, 0, 0, '2025-06-03 02:25:51', '2025-06-03 02:25:51'),
(257, 1229, 3, 214, 1, 65, 65, '2025-06-03 02:28:17', '2025-06-03 02:28:17'),
(258, 1230, 35, 240, 1, 60, 60, '2025-06-03 02:30:01', '2025-06-03 02:30:01'),
(259, 1231, 35, 243, 1, 60, 60, '2025-06-03 02:34:10', '2025-06-03 02:34:10'),
(260, 1232, 52, 318, 1, 0, 0, '2025-06-03 02:49:12', '2025-06-03 02:49:12'),
(261, 1232, 39, 261, 1, 60, 60, '2025-06-03 02:49:12', '2025-06-03 02:49:12'),
(262, 1233, 52, 318, 1, 0, 0, '2025-06-03 02:52:51', '2025-06-03 02:52:51'),
(263, 1234, 33, 234, 1, 60, 60, '2025-06-03 02:57:45', '2025-06-03 02:57:45'),
(264, 1235, 36, 249, 1, 60, 60, '2025-06-03 03:09:21', '2025-06-03 03:09:21'),
(265, 1236, 52, 318, 1, 0, 0, '2025-06-03 03:13:47', '2025-06-03 03:13:47'),
(266, 1237, 52, 318, 1, 0, 0, '2025-06-03 03:18:45', '2025-06-03 03:18:45'),
(267, 1238, 33, 232, 1, 60, 60, '2025-06-03 14:17:34', '2025-06-03 14:17:34'),
(268, 1239, 33, 235, 1, 60, 60, '2025-06-03 15:11:19', '2025-06-03 15:11:19'),
(269, 1240, 36, 247, 1, 60, 60, '2025-06-03 18:35:45', '2025-06-03 18:35:45'),
(270, 1241, 35, 241, 1, 60, 60, '2025-06-03 19:11:29', '2025-06-03 19:11:29'),
(271, 1242, 35, 240, 1, 60, 60, '2025-06-03 19:31:45', '2025-06-03 19:31:45'),
(272, 1243, 36, 245, 1, 60, 60, '2025-06-03 19:40:50', '2025-06-03 19:40:50'),
(273, 1244, 36, 247, 1, 60, 60, '2025-06-03 20:07:18', '2025-06-03 20:07:18'),
(274, 1245, 39, 261, 1, 60, 60, '2025-06-03 20:35:35', '2025-06-03 20:35:35'),
(275, 1246, 45, 283, 1, 60, 60, '2025-06-03 20:44:39', '2025-06-03 20:44:39'),
(276, 1247, 3, 214, 1, 65, 65, '2025-06-03 20:56:45', '2025-06-03 20:56:45'),
(277, 1248, 34, 236, 1, 65, 65, '2025-06-03 21:19:17', '2025-06-03 21:19:17'),
(278, 1249, 35, 241, 1, 60, 60, '2025-06-03 21:38:53', '2025-06-03 21:38:53'),
(279, 1250, 35, 241, 1, 60, 60, '2025-06-03 21:51:51', '2025-06-03 21:51:51'),
(280, 1251, 36, 248, 1, 60, 60, '2025-06-03 22:17:52', '2025-06-03 22:17:52'),
(281, 1252, 35, 240, 1, 60, 60, '2025-06-03 22:27:22', '2025-06-03 22:27:22'),
(282, 1253, 36, 248, 1, 60, 60, '2025-06-03 22:38:09', '2025-06-03 22:38:09'),
(283, 1254, 40, 264, 1, 65, 65, '2025-06-03 22:45:16', '2025-06-03 22:45:16'),
(284, 1255, 39, 259, 1, 60, 60, '2025-06-03 22:55:01', '2025-06-03 22:55:01'),
(285, 1256, 40, 265, 1, 65, 65, '2025-06-03 23:09:17', '2025-06-03 23:09:17'),
(286, 1257, 34, 239, 1, 65, 65, '2025-06-03 23:18:48', '2025-06-03 23:18:48'),
(287, 1258, 48, 300, 1, 65, 65, '2025-06-03 23:25:57', '2025-06-03 23:25:57'),
(288, 1259, 3, 212, 1, 65, 65, '2025-06-03 23:46:54', '2025-06-03 23:46:54'),
(289, 1260, 50, 310, 1, 60, 60, '2025-06-04 01:16:47', '2025-06-04 01:16:47'),
(290, 1260, 3, 213, 1, 65, 65, '2025-06-04 01:16:47', '2025-06-04 01:16:47'),
(291, 1261, 50, 310, 1, 60, 60, '2025-06-04 01:22:18', '2025-06-04 01:22:18'),
(292, 1262, 51, 315, 1, 60, 60, '2025-06-04 01:36:48', '2025-06-04 01:36:48'),
(293, 1263, 36, 246, 1, 60, 60, '2025-06-04 01:42:15', '2025-06-04 01:42:15'),
(294, 1263, 48, 300, 1, 65, 65, '2025-06-04 01:42:15', '2025-06-04 01:42:15'),
(295, 1264, 47, 297, 1, 60, 60, '2025-06-04 01:46:05', '2025-06-04 01:46:05'),
(296, 1265, 52, 318, 1, 0, 0, '2025-06-04 01:49:16', '2025-06-04 01:49:16'),
(297, 1266, 36, 247, 1, 60, 60, '2025-06-04 01:54:25', '2025-06-04 01:54:25'),
(298, 1267, 50, 309, 1, 60, 60, '2025-06-04 01:58:46', '2025-06-04 01:58:46'),
(299, 1268, 52, 318, 1, 0, 0, '2025-06-04 02:04:54', '2025-06-04 02:04:54'),
(300, 1269, 35, 240, 1, 60, 60, '2025-06-04 02:22:32', '2025-06-04 02:22:32'),
(301, 1269, 33, 232, 1, 60, 60, '2025-06-04 02:22:32', '2025-06-04 02:22:32'),
(302, 1270, 36, 244, 1, 60, 60, '2025-06-04 02:28:25', '2025-06-04 02:28:25'),
(303, 1271, 38, 256, 1, 60, 60, '2025-06-04 02:29:11', '2025-06-04 02:29:11'),
(304, 1272, 51, 316, 1, 60, 60, '2025-06-04 02:31:51', '2025-06-04 02:31:51'),
(305, 1273, 33, 234, 1, 60, 60, '2025-06-04 02:33:51', '2025-06-04 02:33:51'),
(306, 1274, 35, 243, 1, 60, 60, '2025-06-04 02:36:44', '2025-06-04 02:36:44'),
(307, 1275, 36, 244, 1, 60, 60, '2025-06-04 16:53:03', '2025-06-04 16:53:03'),
(308, 1276, 33, 232, 1, 60, 60, '2025-06-04 16:57:53', '2025-06-04 16:57:53'),
(309, 1277, 49, 306, 1, 60, 60, '2025-06-04 17:04:42', '2025-06-04 17:04:42'),
(310, 1278, 46, 289, 1, 65, 65, '2025-06-04 17:16:46', '2025-06-04 17:16:46'),
(311, 1279, 36, 247, 1, 60, 60, '2025-06-04 17:24:51', '2025-06-04 17:24:51'),
(312, 1280, 3, 211, 1, 65, 65, '2025-06-04 17:29:46', '2025-06-04 17:29:46'),
(313, 1281, 36, 245, 1, 60, 60, '2025-06-04 17:33:41', '2025-06-04 17:33:41'),
(314, 1282, 36, 246, 1, 60, 60, '2025-06-04 17:38:30', '2025-06-04 17:38:30'),
(315, 1283, 36, 246, 1, 60, 60, '2025-06-04 17:49:55', '2025-06-04 17:49:55'),
(316, 1284, 36, 247, 1, 60, 60, '2025-06-04 17:58:56', '2025-06-04 17:58:56'),
(317, 1285, 51, 316, 1, 60, 60, '2025-06-04 18:07:59', '2025-06-04 18:07:59'),
(318, 1286, 38, 254, 1, 60, 60, '2025-06-04 22:28:20', '2025-06-04 22:28:20'),
(319, 1287, 38, 254, 1, 60, 60, '2025-06-04 22:33:19', '2025-06-04 22:33:19'),
(320, 1288, 39, 259, 1, 60, 60, '2025-06-04 23:02:22', '2025-06-04 23:02:22'),
(321, 1289, 36, 248, 1, 60, 60, '2025-06-04 23:24:09', '2025-06-04 23:24:09'),
(322, 1290, 46, 290, 1, 65, 65, '2025-06-04 23:44:45', '2025-06-04 23:44:45'),
(323, 1291, 48, 301, 1, 65, 65, '2025-06-05 00:19:10', '2025-06-05 00:19:10'),
(324, 1291, 36, 247, 1, 60, 60, '2025-06-05 00:19:10', '2025-06-05 00:19:10'),
(325, 1292, 33, 232, 1, 60, 60, '2025-06-05 00:53:57', '2025-06-05 00:53:57'),
(326, 1293, 36, 245, 1, 60, 60, '2025-06-05 01:00:23', '2025-06-05 01:00:23'),
(327, 1293, 48, 299, 1, 65, 65, '2025-06-05 01:00:23', '2025-06-05 01:00:23'),
(328, 1294, 36, 245, 1, 60, 60, '2025-06-05 01:14:30', '2025-06-05 01:14:30'),
(329, 1295, 36, 247, 1, 60, 60, '2025-06-05 01:26:09', '2025-06-05 01:26:09'),
(330, 1296, 46, 289, 1, 65, 65, '2025-06-05 02:36:18', '2025-06-05 02:36:18'),
(331, 1297, 33, 233, 1, 60, 60, '2025-06-05 02:51:31', '2025-06-05 02:51:31'),
(332, 1298, 33, 233, 1, 60, 60, '2025-06-05 03:03:02', '2025-06-05 03:03:02'),
(333, 1299, 48, 300, 1, 65, 65, '2025-06-05 03:07:48', '2025-06-05 03:07:48'),
(334, 1300, 50, 311, 1, 60, 60, '2025-06-05 03:22:00', '2025-06-05 03:22:00'),
(335, 1301, 50, 310, 1, 60, 60, '2025-06-05 03:32:26', '2025-06-05 03:32:26'),
(336, 1302, 33, 232, 1, 60, 60, '2025-06-05 03:40:21', '2025-06-05 03:40:21'),
(337, 1303, 35, 243, 1, 60, 60, '2025-06-05 03:48:52', '2025-06-05 03:48:52'),
(338, 1304, 36, 248, 1, 60, 60, '2025-06-05 03:51:57', '2025-06-05 03:51:57'),
(339, 1304, 38, 257, 1, 60, 60, '2025-06-05 03:51:57', '2025-06-05 03:51:57'),
(340, 1305, 46, 292, 1, 65, 65, '2025-06-05 03:54:45', '2025-06-05 03:54:45'),
(341, 1306, 36, 247, 1, 60, 60, '2025-06-05 03:56:54', '2025-06-05 03:56:54'),
(342, 1307, 36, 247, 1, 60, 60, '2025-06-11 12:23:17', '2025-06-11 12:23:17'),
(343, 1307, 36, 248, 1, 60, 60, '2025-06-11 12:23:17', '2025-06-11 12:23:17'),
(344, 1308, 32, 230, 1, 65, 65, '2025-06-11 12:28:04', '2025-06-11 12:28:04'),
(345, 1309, 36, 244, 1, 60, 60, '2025-06-11 12:31:42', '2025-06-11 12:31:42'),
(346, 1310, 36, 248, 1, 60, 60, '2025-06-11 12:35:29', '2025-06-11 12:35:29'),
(347, 1311, 39, 261, 1, 60, 60, '2025-06-11 15:49:19', '2025-06-11 15:49:19'),
(348, 1312, 36, 246, 1, 60, 60, '2025-06-11 15:53:24', '2025-06-11 15:53:24'),
(349, 1313, 40, 264, 1, 65, 65, '2025-06-11 16:02:37', '2025-06-11 16:02:37'),
(350, 1314, 36, 246, 1, 60, 60, '2025-06-11 16:07:09', '2025-06-11 16:07:09'),
(351, 1315, 38, 256, 1, 60, 60, '2025-06-11 16:12:30', '2025-06-11 16:12:30'),
(352, 1316, 51, 314, 1, 60, 60, '2025-06-11 16:28:43', '2025-06-11 16:28:43'),
(353, 1317, 51, 315, 1, 60, 60, '2025-06-11 16:32:19', '2025-06-11 16:32:19'),
(354, 1318, 49, 304, 1, 60, 60, '2025-06-11 16:34:53', '2025-06-11 16:34:53'),
(355, 1319, 43, 276, 1, 60, 60, '2025-06-11 19:04:47', '2025-06-11 19:04:47'),
(356, 1320, 38, 254, 1, 60, 60, '2025-06-11 23:46:36', '2025-06-11 23:46:36'),
(357, 1321, 38, 255, 1, 60, 60, '2025-06-11 23:50:29', '2025-06-11 23:50:29'),
(358, 1322, 38, 255, 1, 60, 60, '2025-06-11 23:53:41', '2025-06-11 23:53:41'),
(359, 1323, 54, 328, 1, 65, 65, '2025-06-11 23:57:04', '2025-06-11 23:57:04'),
(360, 1324, 34, 236, 1, 65, 65, '2025-06-11 23:57:16', '2025-06-11 23:57:16'),
(361, 1325, 34, 238, 1, 65, 65, '2025-06-12 00:03:11', '2025-06-12 00:03:11'),
(362, 1326, 53, 320, 1, 65, 65, '2025-06-12 00:09:37', '2025-06-12 00:09:37'),
(363, 1327, 36, 244, 1, 60, 60, '2025-06-12 00:51:29', '2025-06-12 00:51:29'),
(364, 1328, 51, 315, 1, 60, 60, '2025-06-12 00:53:15', '2025-06-12 00:53:15'),
(365, 1329, 46, 288, 1, 65, 65, '2025-06-12 00:55:00', '2025-06-12 00:55:00'),
(366, 1330, 44, 280, 1, 60, 60, '2025-06-12 01:02:08', '2025-06-12 01:02:08'),
(367, 1331, 36, 248, 1, 60, 60, '2025-06-12 01:06:11', '2025-06-12 01:06:11'),
(368, 1332, 36, 245, 1, 60, 60, '2025-06-12 02:18:18', '2025-06-12 02:18:18'),
(369, 1333, 36, 246, 1, 60, 60, '2025-06-13 00:44:59', '2025-06-13 00:44:59'),
(370, 1334, 54, 329, 1, 65, 65, '2025-06-13 01:02:08', '2025-06-13 01:02:08'),
(371, 1334, 45, 286, 1, 60, 60, '2025-06-13 01:02:08', '2025-06-13 01:02:08'),
(372, 1335, 38, 256, 1, 60, 60, '2025-06-13 01:28:41', '2025-06-13 01:28:41'),
(373, 1336, 56, 337, 1, 65, 65, '2025-06-13 01:46:56', '2025-06-13 01:46:56'),
(374, 1337, 57, 340, 1, 65, 65, '2025-06-13 01:56:12', '2025-06-13 01:56:12'),
(375, 1338, 38, 254, 1, 60, 60, '2025-06-13 02:05:04', '2025-06-13 02:05:04'),
(376, 1339, 38, 255, 1, 60, 60, '2025-06-13 02:09:27', '2025-06-13 02:09:27'),
(377, 1340, 36, 247, 1, 60, 60, '2025-06-13 02:13:02', '2025-06-13 02:13:02'),
(378, 1341, 53, 320, 1, 65, 65, '2025-06-13 02:17:49', '2025-06-13 02:17:49'),
(379, 1342, 51, 316, 1, 60, 60, '2025-06-13 02:20:39', '2025-06-13 02:20:39'),
(380, 1343, 43, 276, 1, 60, 60, '2025-06-13 02:25:00', '2025-06-13 02:25:00'),
(381, 1344, 51, 316, 1, 60, 60, '2025-06-13 02:29:25', '2025-06-13 02:29:25'),
(382, 1345, 44, 280, 1, 60, 60, '2025-06-13 02:32:32', '2025-06-13 02:32:32'),
(383, 1346, 55, 333, 1, 65, 65, '2025-06-13 02:40:00', '2025-06-13 02:40:00'),
(384, 1347, 36, 245, 1, 60, 60, '2025-06-13 02:45:47', '2025-06-13 02:45:47'),
(385, 1348, 44, 278, 1, 60, 60, '2025-06-13 02:46:18', '2025-06-13 02:46:18'),
(386, 1349, 32, 230, 1, 65, 65, '2025-06-13 02:50:38', '2025-06-13 02:50:38'),
(387, 1350, 52, 318, 1, 0, 0, '2025-06-13 02:50:43', '2025-06-13 02:50:43'),
(388, 1351, 39, 260, 1, 60, 60, '2025-06-13 02:57:26', '2025-06-13 02:57:26'),
(389, 1352, 55, 333, 1, 65, 65, '2025-06-13 03:02:08', '2025-06-13 03:02:08'),
(390, 1353, 40, 263, 1, 65, 65, '2025-06-13 16:09:20', '2025-06-13 16:09:20'),
(391, 1354, 31, 220, 1, 65, 65, '2025-06-13 16:51:14', '2025-06-13 16:51:14'),
(392, 1355, 56, 336, 1, 65, 65, '2025-06-13 17:23:16', '2025-06-13 17:23:16'),
(393, 1356, 50, 312, 1, 60, 60, '2025-06-13 20:50:17', '2025-06-13 20:50:17'),
(394, 1357, 40, 264, 1, 65, 65, '2025-06-13 21:06:04', '2025-06-13 21:06:04'),
(395, 1358, 43, 276, 1, 60, 60, '2025-06-14 00:46:10', '2025-06-14 00:46:10'),
(396, 1359, 38, 256, 1, 60, 60, '2025-06-14 00:51:06', '2025-06-14 00:51:06'),
(397, 1360, 37, 253, 1, 50, 50, '2025-06-14 00:53:58', '2025-06-14 00:53:58'),
(398, 1361, 37, 252, 1, 50, 50, '2025-06-14 00:56:35', '2025-06-14 00:56:35'),
(399, 1362, 36, 249, 1, 60, 60, '2025-06-14 00:58:49', '2025-06-14 00:58:49'),
(400, 1363, 43, 276, 1, 60, 60, '2025-06-14 01:04:57', '2025-06-14 01:04:57'),
(401, 1364, 43, 277, 1, 60, 60, '2025-06-14 01:11:12', '2025-06-14 01:11:12'),
(402, 1365, 58, 346, 1, 65, 65, '2025-06-14 01:16:51', '2025-06-14 01:16:51'),
(403, 1366, 49, 305, 1, 60, 60, '2025-06-14 01:27:11', '2025-06-14 01:27:11'),
(404, 1367, 36, 245, 1, 60, 60, '2025-06-14 01:29:57', '2025-06-14 01:29:57'),
(405, 1368, 36, 247, 1, 60, 60, '2025-06-14 01:32:51', '2025-06-14 01:32:51'),
(406, 1369, 56, 336, 1, 65, 65, '2025-06-14 01:45:09', '2025-06-14 01:45:09'),
(407, 1370, 35, 241, 1, 60, 60, '2025-06-14 01:53:45', '2025-06-14 01:53:45'),
(408, 1371, 58, 343, 1, 65, 65, '2025-06-14 02:02:15', '2025-06-14 02:02:15'),
(409, 1371, 45, 282, 1, 60, 60, '2025-06-14 02:02:15', '2025-06-14 02:02:15'),
(410, 1372, 36, 247, 1, 60, 60, '2025-06-14 14:23:28', '2025-06-14 14:23:28'),
(411, 1373, 45, 284, 1, 60, 60, '2025-06-14 14:37:20', '2025-06-14 14:37:20'),
(412, 1374, 40, 262, 1, 65, 65, '2025-06-14 15:23:03', '2025-06-14 15:23:03'),
(413, 1375, 39, 260, 1, 60, 60, '2025-06-15 01:03:01', '2025-06-15 01:03:01'),
(414, 1376, 40, 262, 1, 65, 65, '2025-06-15 01:09:10', '2025-06-15 01:09:10'),
(415, 1377, 59, 351, 1, 65, 65, '2025-06-15 01:09:52', '2025-06-15 01:09:52'),
(416, 1377, 51, 317, 1, 60, 60, '2025-06-15 01:09:52', '2025-06-15 01:09:52'),
(417, 1378, 58, 345, 1, 65, 65, '2025-06-15 01:36:32', '2025-06-15 01:36:32'),
(418, 1379, 58, 346, 1, 65, 65, '2025-06-15 01:39:22', '2025-06-15 01:39:22'),
(419, 1380, 58, 346, 1, 65, 65, '2025-06-15 01:42:09', '2025-06-15 01:42:09'),
(420, 1381, 61, 362, 1, 65, 65, '2025-06-15 01:47:55', '2025-06-15 01:47:55'),
(421, 1382, 56, 337, 1, 65, 65, '2025-06-15 01:51:18', '2025-06-15 01:51:18'),
(422, 1383, 51, 316, 1, 60, 60, '2025-06-15 01:54:44', '2025-06-15 01:54:44'),
(423, 1384, 60, 356, 1, 65, 65, '2025-06-15 01:56:29', '2025-06-15 01:56:29'),
(424, 1385, 45, 284, 1, 60, 60, '2025-06-15 02:00:58', '2025-06-15 02:00:58'),
(425, 1386, 52, 318, 1, 0, 0, '2025-06-15 02:05:19', '2025-06-15 02:05:19'),
(426, 1387, 36, 246, 1, 60, 60, '2025-06-15 02:10:42', '2025-06-15 02:10:42'),
(427, 1388, 36, 246, 1, 60, 60, '2025-06-15 02:14:04', '2025-06-15 02:14:04'),
(428, 1389, 40, 263, 1, 65, 65, '2025-06-15 02:17:29', '2025-06-15 02:17:29'),
(429, 1390, 56, 337, 1, 65, 65, '2025-06-15 02:50:09', '2025-06-15 02:50:09'),
(430, 1391, 52, 318, 1, 0, 0, '2025-06-15 03:11:45', '2025-06-15 03:11:45'),
(431, 1392, 56, 337, 1, 65, 65, '2025-06-15 17:32:12', '2025-06-15 17:32:12'),
(432, 1393, 45, 285, 1, 60, 60, '2025-06-15 17:39:32', '2025-06-15 17:39:32'),
(433, 1394, 58, 344, 1, 65, 65, '2025-06-16 00:57:48', '2025-06-16 00:57:48'),
(434, 1395, 36, 248, 1, 60, 60, '2025-06-16 01:09:46', '2025-06-16 01:09:46'),
(435, 1396, 43, 275, 1, 60, 60, '2025-06-16 01:34:23', '2025-06-16 01:34:23'),
(436, 1397, 37, 252, 1, 50, 50, '2025-06-16 01:44:56', '2025-06-16 01:44:56'),
(437, 1398, 38, 256, 1, 60, 60, '2025-06-16 01:47:47', '2025-06-16 01:47:47'),
(438, 1399, 36, 246, 1, 60, 60, '2025-06-16 01:51:27', '2025-06-16 01:51:27'),
(439, 1399, 36, 246, 1, 60, 60, '2025-06-16 01:51:27', '2025-06-16 01:51:27'),
(440, 1400, 58, 344, 1, 65, 65, '2025-06-16 01:56:03', '2025-06-16 01:56:03'),
(441, 1401, 45, 285, 1, 60, 60, '2025-06-16 01:58:57', '2025-06-16 01:58:57'),
(442, 1402, 38, 256, 1, 60, 60, '2025-06-16 02:06:01', '2025-06-16 02:06:01'),
(443, 1403, 59, 347, 1, 65, 65, '2025-06-16 02:23:38', '2025-06-16 02:23:38'),
(444, 1403, 33, 232, 1, 60, 60, '2025-06-16 02:23:38', '2025-06-16 02:23:38'),
(445, 1403, 36, 244, 1, 60, 60, '2025-06-16 02:23:38', '2025-06-16 02:23:38'),
(446, 1404, 64, 372, 1, 65, 65, '2025-06-16 02:23:53', '2025-06-16 02:23:53'),
(447, 1405, 62, 364, 1, 65, 65, '2025-06-16 02:27:15', '2025-06-16 02:27:15'),
(448, 1406, 64, 372, 1, 65, 65, '2025-06-16 02:27:21', '2025-06-16 02:27:21'),
(449, 1407, 59, 351, 1, 65, 65, '2025-06-16 02:29:27', '2025-06-16 02:29:27'),
(450, 1408, 44, 281, 1, 60, 60, '2025-06-16 02:32:15', '2025-06-16 02:32:15'),
(451, 1409, 36, 247, 1, 60, 60, '2025-06-16 02:32:28', '2025-06-16 02:32:28'),
(452, 1410, 42, 271, 1, 60, 60, '2025-06-16 02:35:22', '2025-06-16 02:35:22'),
(453, 1411, 44, 279, 1, 60, 60, '2025-06-16 02:36:27', '2025-06-16 02:36:27'),
(454, 1412, 52, 318, 1, 0, 0, '2025-06-16 02:41:46', '2025-06-16 02:41:46'),
(455, 1413, 45, 282, 1, 60, 60, '2025-06-16 02:41:59', '2025-06-16 02:41:59'),
(456, 1414, 36, 244, 1, 60, 60, '2025-06-16 02:58:26', '2025-06-16 02:58:26'),
(457, 1415, 58, 345, 1, 65, 65, '2025-06-16 03:00:50', '2025-06-16 03:00:50'),
(458, 1416, 39, 259, 1, 60, 60, '2025-06-16 03:28:26', '2025-06-16 03:28:26'),
(459, 1416, 39, 259, 1, 60, 60, '2025-06-16 03:28:26', '2025-06-16 03:28:26'),
(460, 1417, 38, 255, 1, 60, 60, '2025-06-16 03:33:39', '2025-06-16 03:33:39'),
(461, 1418, 62, 363, 1, 65, 65, '2025-06-16 18:01:48', '2025-06-16 18:01:48'),
(462, 1419, 37, 251, 1, 50, 50, '2025-06-16 19:59:10', '2025-06-16 19:59:10'),
(463, 1420, 36, 246, 1, 60, 60, '2025-06-17 22:03:48', '2025-06-17 22:03:48'),
(464, 1421, 37, 250, 1, 50, 50, '2025-06-17 22:49:00', '2025-06-17 22:49:00'),
(465, 1422, 58, 343, 1, 65, 65, '2025-06-17 22:58:44', '2025-06-17 22:58:44'),
(466, 1423, 31, 220, 1, 65, 65, '2025-06-17 23:25:46', '2025-06-17 23:25:46'),
(467, 1424, 65, 375, 1, 65, 65, '2025-06-18 00:04:26', '2025-06-18 00:04:26'),
(468, 1425, 58, 344, 1, 65, 65, '2025-06-18 00:09:09', '2025-06-18 00:09:09'),
(469, 1426, 36, 247, 1, 60, 60, '2025-06-18 00:13:44', '2025-06-18 00:13:44'),
(470, 1427, 55, 332, 1, 65, 65, '2025-06-18 00:16:44', '2025-06-18 00:16:44'),
(471, 1428, 36, 247, 1, 60, 60, '2025-06-18 00:19:16', '2025-06-18 00:19:16'),
(472, 1429, 57, 340, 1, 65, 65, '2025-06-18 00:24:23', '2025-06-18 00:24:23'),
(473, 1430, 64, 373, 1, 65, 65, '2025-06-18 00:31:46', '2025-06-18 00:31:46'),
(474, 1431, 57, 341, 1, 65, 65, '2025-06-18 00:35:03', '2025-06-18 00:35:03'),
(475, 1432, 37, 252, 1, 50, 50, '2025-06-18 00:38:32', '2025-06-18 00:38:32'),
(476, 1433, 58, 343, 1, 65, 65, '2025-06-18 00:41:45', '2025-06-18 00:41:45'),
(477, 1434, 57, 341, 1, 65, 65, '2025-06-18 00:49:42', '2025-06-18 00:49:42'),
(478, 1435, 36, 247, 1, 60, 60, '2025-06-18 00:52:15', '2025-06-18 00:52:15'),
(479, 1436, 38, 257, 1, 60, 60, '2025-06-18 00:55:57', '2025-06-18 00:55:57'),
(480, 1437, 44, 281, 1, 60, 60, '2025-06-18 01:02:49', '2025-06-18 01:02:49'),
(481, 1438, 44, 279, 1, 60, 60, '2025-06-18 01:12:49', '2025-06-18 01:12:49'),
(482, 1439, 41, 267, 1, 60, 60, '2025-06-18 01:18:02', '2025-06-18 01:18:02'),
(483, 1440, 44, 280, 1, 60, 60, '2025-06-18 01:26:31', '2025-06-18 01:26:31'),
(484, 1441, 38, 257, 1, 60, 60, '2025-06-18 01:32:13', '2025-06-18 01:32:13'),
(485, 1442, 36, 244, 1, 60, 60, '2025-06-18 01:44:19', '2025-06-18 01:44:19'),
(486, 1443, 36, 244, 1, 60, 60, '2025-06-18 02:31:11', '2025-06-18 02:31:11'),
(487, 1444, 64, 373, 1, 65, 65, '2025-06-18 02:33:10', '2025-06-18 02:33:10'),
(488, 1445, 37, 251, 1, 50, 50, '2025-06-18 02:35:28', '2025-06-18 02:35:28'),
(489, 1446, 34, 237, 1, 65, 65, '2025-06-18 02:40:48', '2025-06-18 02:40:48'),
(490, 1447, 67, 385, 1, 65, 65, '2025-06-18 02:47:21', '2025-06-18 02:47:21'),
(491, 1448, 68, 388, 1, 65, 65, '2025-06-18 02:54:30', '2025-06-18 02:54:30'),
(492, 1449, 3, 211, 1, 65, 65, '2025-06-18 18:09:16', '2025-06-18 18:09:16'),
(493, 1450, 62, 363, 1, 65, 65, '2025-06-19 23:09:48', '2025-06-19 23:09:48'),
(494, 1451, 62, 363, 1, 65, 65, '2025-06-19 23:14:56', '2025-06-19 23:14:56'),
(495, 1452, 44, 279, 1, 60, 60, '2025-06-19 23:24:54', '2025-06-19 23:24:54'),
(496, 1453, 44, 280, 1, 60, 60, '2025-06-19 23:30:29', '2025-06-19 23:30:29'),
(497, 1454, 32, 231, 1, 66, 66, '2025-06-19 23:38:02', '2025-06-19 23:38:02'),
(498, 1455, 41, 269, 1, 60, 60, '2025-06-19 23:46:32', '2025-06-19 23:46:32'),
(499, 1456, 58, 345, 1, 65, 65, '2025-06-20 00:26:06', '2025-06-20 00:26:06'),
(500, 1457, 68, 389, 1, 65, 65, '2025-06-20 00:31:52', '2025-06-20 00:31:52'),
(501, 1458, 43, 276, 1, 60, 60, '2025-06-20 00:36:04', '2025-06-20 00:36:04'),
(502, 1459, 58, 345, 1, 65, 65, '2025-06-20 00:42:28', '2025-06-20 00:42:28'),
(503, 1460, 38, 254, 1, 60, 60, '2025-06-20 00:47:54', '2025-06-20 00:47:54'),
(504, 1460, 62, 363, 1, 65, 65, '2025-06-20 00:47:54', '2025-06-20 00:47:54'),
(505, 1461, 44, 279, 1, 60, 60, '2025-06-20 00:50:09', '2025-06-20 00:50:09'),
(506, 1462, 37, 253, 1, 50, 50, '2025-06-20 00:51:47', '2025-06-20 00:51:47'),
(507, 1463, 37, 253, 1, 50, 50, '2025-06-20 00:55:06', '2025-06-20 00:55:06'),
(508, 1464, 43, 274, 1, 60, 60, '2025-06-20 00:58:45', '2025-06-20 00:58:45'),
(509, 1465, 41, 267, 1, 60, 60, '2025-06-20 01:00:08', '2025-06-20 01:00:08'),
(510, 1466, 58, 345, 1, 65, 65, '2025-06-20 01:04:31', '2025-06-20 01:04:31'),
(511, 1467, 56, 335, 1, 65, 65, '2025-06-20 01:09:57', '2025-06-20 01:09:57'),
(512, 1468, 69, 392, 1, 65, 65, '2025-06-20 01:16:21', '2025-06-20 01:16:21'),
(513, 1469, 53, 319, 1, 65, 65, '2025-06-20 01:33:19', '2025-06-20 01:33:19'),
(514, 1469, 60, 355, 1, 65, 65, '2025-06-20 01:33:19', '2025-06-20 01:33:19'),
(515, 1470, 51, 314, 1, 60, 60, '2025-06-20 01:38:38', '2025-06-20 01:38:38'),
(516, 1471, 32, 228, 1, 65, 65, '2025-06-20 01:42:25', '2025-06-20 01:42:25'),
(517, 1472, 64, 372, 1, 65, 65, '2025-06-20 01:44:52', '2025-06-20 01:44:52'),
(518, 1473, 60, 356, 1, 65, 65, '2025-06-20 01:51:29', '2025-06-20 01:51:29'),
(519, 1473, 36, 247, 1, 60, 60, '2025-06-20 01:51:29', '2025-06-20 01:51:29'),
(520, 1474, 36, 244, 1, 60, 60, '2025-06-20 01:54:14', '2025-06-20 01:54:14'),
(521, 1475, 64, 373, 1, 65, 65, '2025-06-20 02:00:59', '2025-06-20 02:00:59'),
(522, 1476, 64, 371, 1, 65, 65, '2025-06-20 02:03:39', '2025-06-20 02:03:39'),
(523, 1477, 43, 276, 1, 60, 60, '2025-06-20 02:06:21', '2025-06-20 02:06:21'),
(524, 1478, 44, 280, 1, 60, 60, '2025-06-20 02:07:39', '2025-06-20 02:07:39'),
(525, 1479, 58, 344, 1, 65, 65, '2025-06-20 02:08:51', '2025-06-20 02:08:51'),
(526, 1480, 31, 224, 1, 65, 65, '2025-06-20 15:06:21', '2025-06-20 15:06:21'),
(527, 1481, 44, 281, 1, 60, 60, '2025-06-21 23:59:44', '2025-06-21 23:59:44'),
(528, 1482, 69, 396, 1, 65, 65, '2025-06-22 00:05:03', '2025-06-22 00:05:03'),
(529, 1483, 69, 394, 1, 65, 65, '2025-06-22 00:16:32', '2025-06-22 00:16:32'),
(530, 1484, 56, 337, 1, 65, 65, '2025-06-22 00:20:27', '2025-06-22 00:20:27'),
(531, 1485, 62, 365, 1, 65, 65, '2025-06-22 00:27:47', '2025-06-22 00:27:47'),
(532, 1486, 58, 343, 1, 65, 65, '2025-06-22 00:31:00', '2025-06-22 00:31:00'),
(533, 1487, 58, 344, 1, 65, 65, '2025-06-22 00:34:23', '2025-06-22 00:34:23'),
(534, 1488, 41, 267, 1, 60, 60, '2025-06-22 00:39:45', '2025-06-22 00:39:45'),
(535, 1489, 44, 280, 1, 60, 60, '2025-06-22 01:00:19', '2025-06-22 01:00:19'),
(536, 1490, 58, 344, 1, 65, 65, '2025-06-22 01:17:03', '2025-06-22 01:17:03'),
(537, 1491, 44, 280, 1, 60, 60, '2025-06-22 01:20:47', '2025-06-22 01:20:47'),
(538, 1492, 45, 286, 1, 60, 60, '2025-06-22 01:22:47', '2025-06-22 01:22:47'),
(539, 1493, 44, 281, 1, 60, 60, '2025-06-22 01:24:28', '2025-06-22 01:24:28'),
(540, 1494, 58, 345, 1, 65, 65, '2025-06-22 01:26:07', '2025-06-22 01:26:07'),
(541, 1495, 44, 281, 1, 60, 60, '2025-06-22 01:27:37', '2025-06-22 01:27:37'),
(542, 1496, 62, 364, 1, 65, 65, '2025-06-22 01:27:50', '2025-06-22 01:27:50'),
(543, 1497, 44, 281, 1, 60, 60, '2025-06-22 01:31:09', '2025-06-22 01:31:09'),
(544, 1498, 70, 400, 1, 65, 65, '2025-06-22 01:35:53', '2025-06-22 01:35:53'),
(545, 1499, 43, 274, 1, 60, 60, '2025-06-22 01:36:18', '2025-06-22 01:36:18'),
(546, 1500, 64, 374, 1, 65, 65, '2025-06-22 01:38:30', '2025-06-22 01:38:30'),
(547, 1501, 36, 247, 1, 60, 60, '2025-06-22 01:40:11', '2025-06-22 01:40:11'),
(548, 1502, 36, 248, 1, 60, 60, '2025-06-22 01:43:39', '2025-06-22 01:43:39'),
(549, 1503, 68, 389, 1, 65, 65, '2025-06-22 01:45:44', '2025-06-22 01:45:44'),
(550, 1503, 68, 388, 1, 65, 65, '2025-06-22 01:46:43', '2025-06-22 01:46:43'),
(551, 1504, 35, 242, 1, 60, 60, '2025-06-22 01:48:39', '2025-06-22 01:48:39'),
(552, 1505, 58, 346, 1, 65, 65, '2025-06-22 01:49:32', '2025-06-22 01:49:32'),
(553, 1506, 64, 371, 1, 65, 65, '2025-06-22 01:51:43', '2025-06-22 01:51:43'),
(554, 1507, 41, 268, 1, 60, 60, '2025-06-22 01:52:34', '2025-06-22 01:52:34'),
(555, 1508, 50, 313, 1, 60, 60, '2025-06-22 01:53:48', '2025-06-22 01:53:48'),
(556, 1509, 36, 246, 1, 60, 60, '2025-06-22 01:55:03', '2025-06-22 01:55:03'),
(557, 1510, 36, 247, 1, 60, 60, '2025-06-22 01:57:44', '2025-06-22 01:57:44'),
(558, 1511, 45, 284, 1, 60, 60, '2025-06-22 02:00:01', '2025-06-22 02:00:01'),
(559, 1512, 58, 345, 1, 65, 65, '2025-06-22 02:03:12', '2025-06-22 02:03:12'),
(560, 1513, 39, 260, 1, 60, 60, '2025-06-22 02:10:30', '2025-06-22 02:10:30'),
(561, 1514, 36, 245, 1, 60, 60, '2025-06-22 02:13:06', '2025-06-22 02:13:06'),
(562, 1515, 58, 346, 1, 65, 65, '2025-06-22 02:17:24', '2025-06-22 02:17:24'),
(563, 1516, 58, 343, 1, 65, 65, '2025-06-22 02:19:16', '2025-06-22 02:19:16'),
(564, 1517, 62, 364, 1, 65, 65, '2025-06-22 02:20:59', '2025-06-22 02:20:59'),
(565, 1518, 53, 320, 1, 65, 65, '2025-06-22 02:24:35', '2025-06-22 02:24:35'),
(566, 1519, 38, 256, 1, 60, 60, '2025-06-22 02:28:54', '2025-06-22 02:28:54'),
(567, 1520, 50, 311, 1, 60, 60, '2025-06-22 02:31:04', '2025-06-22 02:31:04'),
(568, 1521, 69, 391, 1, 65, 65, '2025-06-22 02:50:16', '2025-06-22 02:50:16'),
(569, 1522, 35, 242, 1, 60, 60, '2025-06-22 02:59:38', '2025-06-22 02:59:38'),
(570, 1523, 35, 243, 1, 60, 60, '2025-06-22 03:03:14', '2025-06-22 03:03:14'),
(571, 1524, 70, 398, 1, 65, 65, '2025-06-23 19:02:56', '2025-06-23 19:02:56'),
(572, 1525, 69, 392, 1, 65, 65, '2025-06-23 19:06:34', '2025-06-23 19:06:34'),
(573, 1526, 69, 394, 1, 65, 65, '2025-06-23 19:10:50', '2025-06-23 19:10:50'),
(574, 1527, 69, 394, 1, 65, 65, '2025-06-23 19:14:55', '2025-06-23 19:14:55'),
(575, 1528, 58, 344, 1, 65, 65, '2025-06-23 19:24:55', '2025-06-23 19:24:55'),
(576, 1529, 69, 394, 1, 65, 65, '2025-06-23 19:32:17', '2025-06-23 19:32:17'),
(577, 1530, 50, 312, 1, 60, 60, '2025-06-23 19:37:47', '2025-06-23 19:37:47'),
(578, 1531, 70, 398, 1, 65, 65, '2025-06-23 19:42:53', '2025-06-23 19:42:53'),
(579, 1531, 59, 350, 1, 65, 65, '2025-06-23 19:42:53', '2025-06-23 19:42:53'),
(580, 1532, 58, 346, 1, 65, 65, '2025-06-23 20:23:26', '2025-06-23 20:23:26'),
(581, 1532, 50, 311, 0, 60, 0, '2025-06-23 20:23:26', '2025-06-23 20:23:26'),
(582, 1532, 31, 224, 0, 65, 0, '2025-06-23 20:23:26', '2025-06-23 20:23:26'),
(583, 1533, 50, 310, 1, 60, 60, '2025-06-23 20:25:55', '2025-06-23 20:25:55'),
(584, 1534, 44, 279, 1, 60, 60, '2025-06-23 20:41:34', '2025-06-23 20:41:34'),
(585, 1535, 58, 343, 1, 65, 65, '2025-06-23 21:12:18', '2025-06-23 21:12:18'),
(586, 1536, 64, 372, 1, 65, 65, '2025-06-23 21:16:11', '2025-06-23 21:16:11'),
(587, 1537, 64, 374, 1, 65, 65, '2025-06-23 21:18:41', '2025-06-23 21:18:41'),
(588, 1538, 58, 345, 1, 65, 65, '2025-06-23 21:21:03', '2025-06-23 21:21:03'),
(589, 1539, 71, 404, 1, 65, 65, '2025-06-23 21:28:32', '2025-06-23 21:28:32'),
(590, 1539, 57, 340, 1, 65, 65, '2025-06-23 21:28:32', '2025-06-23 21:28:32'),
(591, 1540, 58, 343, 1, 65, 65, '2025-06-23 21:33:35', '2025-06-23 21:33:35'),
(592, 1541, 64, 374, 1, 65, 65, '2025-06-23 21:42:14', '2025-06-23 21:42:14'),
(593, 1542, 51, 314, 1, 60, 60, '2025-06-23 21:45:41', '2025-06-23 21:45:41'),
(594, 1543, 56, 336, 1, 65, 65, '2025-06-23 21:49:07', '2025-06-23 21:49:07'),
(595, 1544, 3, 217, 1, 65, 65, '2025-06-23 21:52:50', '2025-06-23 21:52:50'),
(596, 1545, 45, 283, 1, 60, 60, '2025-06-23 21:56:22', '2025-06-23 21:56:22'),
(597, 1546, 58, 346, 1, 65, 65, '2025-06-23 21:59:30', '2025-06-23 21:59:30'),
(598, 1547, 68, 389, 1, 65, 65, '2025-06-23 22:02:29', '2025-06-23 22:02:29'),
(599, 1548, 57, 341, 1, 65, 65, '2025-06-23 22:04:40', '2025-06-23 22:04:40'),
(600, 1549, 72, 409, 1, 65, 65, '2025-06-23 22:09:03', '2025-06-23 22:09:03'),
(601, 1550, 57, 340, 1, 65, 65, '2025-06-23 22:11:38', '2025-06-23 22:11:38'),
(602, 1550, 36, 246, 1, 60, 60, '2025-06-23 22:11:38', '2025-06-23 22:11:38'),
(603, 1551, 37, 251, 1, 50, 50, '2025-06-23 22:14:11', '2025-06-23 22:14:11'),
(604, 1552, 43, 276, 1, 60, 60, '2025-06-23 22:18:02', '2025-06-23 22:18:02'),
(605, 1553, 48, 302, 1, 65, 65, '2025-06-23 22:20:31', '2025-06-23 22:20:31'),
(606, 1554, 59, 349, 1, 65, 65, '2025-06-23 23:34:25', '2025-06-23 23:34:25'),
(607, 1555, 33, 233, 1, 60, 60, '2025-06-23 23:42:09', '2025-06-23 23:42:09'),
(608, 1556, 33, 233, 1, 60, 60, '2025-06-23 23:44:49', '2025-06-23 23:44:49'),
(609, 1557, 50, 312, 1, 60, 60, '2025-06-23 23:48:28', '2025-06-23 23:48:28'),
(610, 1558, 70, 398, 1, 65, 65, '2025-06-23 23:51:11', '2025-06-23 23:51:11'),
(611, 1559, 69, 393, 1, 65, 65, '2025-06-23 23:54:00', '2025-06-23 23:54:00'),
(612, 1560, 44, 279, 1, 60, 60, '2025-06-23 23:57:44', '2025-06-23 23:57:44'),
(613, 1561, 64, 372, 1, 65, 65, '2025-06-24 00:15:57', '2025-06-24 00:15:57'),
(614, 1561, 41, 268, 1, 60, 60, '2025-06-24 00:15:57', '2025-06-24 00:15:57'),
(615, 1562, 56, 335, 1, 65, 65, '2025-06-24 00:44:04', '2025-06-24 00:44:04'),
(616, 1563, 45, 284, 1, 60, 60, '2025-06-24 01:07:39', '2025-06-24 01:07:39'),
(617, 1564, 58, 346, 1, 65, 65, '2025-06-24 01:37:18', '2025-06-24 01:37:18'),
(618, 1565, 41, 268, 1, 60, 60, '2025-06-24 02:37:00', '2025-06-24 02:37:00'),
(619, 1566, 64, 373, 1, 65, 65, '2025-06-24 22:41:53', '2025-06-24 22:41:53'),
(620, 1567, 64, 373, 1, 65, 65, '2025-06-24 22:45:41', '2025-06-24 22:45:41'),
(621, 1568, 36, 247, 1, 60, 60, '2025-06-24 23:03:02', '2025-06-24 23:03:02'),
(622, 1569, 43, 276, 1, 60, 60, '2025-06-24 23:05:51', '2025-06-24 23:05:51'),
(623, 1570, 48, 303, 1, 65, 65, '2025-06-24 23:10:03', '2025-06-24 23:10:03'),
(624, 1571, 64, 373, 1, 65, 65, '2025-06-24 23:14:29', '2025-06-24 23:14:29'),
(625, 1572, 73, 413, 1, 65, 65, '2025-06-24 23:21:02', '2025-06-24 23:21:02'),
(626, 1573, 44, 279, 1, 60, 60, '2025-06-24 23:25:27', '2025-06-24 23:25:27'),
(627, 1574, 62, 366, 1, 65, 65, '2025-06-24 23:27:52', '2025-06-24 23:27:52'),
(628, 1575, 62, 363, 1, 65, 65, '2025-06-24 23:48:25', '2025-06-24 23:48:25'),
(629, 1576, 62, 364, 1, 65, 65, '2025-06-24 23:50:16', '2025-06-24 23:50:16'),
(630, 1577, 36, 248, 1, 60, 60, '2025-06-25 00:16:29', '2025-06-25 00:16:29'),
(631, 1578, 62, 366, 1, 65, 65, '2025-06-25 00:19:23', '2025-06-25 00:19:23'),
(632, 1579, 56, 336, 1, 65, 65, '2025-06-25 00:28:43', '2025-06-25 00:28:43'),
(633, 1580, 36, 248, 1, 60, 60, '2025-06-25 00:50:07', '2025-06-25 00:50:07'),
(634, 1581, 41, 267, 1, 60, 60, '2025-06-25 00:57:40', '2025-06-25 00:57:40'),
(635, 1582, 44, 280, 1, 60, 60, '2025-06-25 01:04:39', '2025-06-25 01:04:39'),
(636, 1583, 62, 366, 1, 65, 65, '2025-06-25 01:15:16', '2025-06-25 01:15:16'),
(637, 1583, 39, 261, 1, 60, 60, '2025-06-25 01:15:16', '2025-06-25 01:15:16'),
(638, 1584, 45, 285, 1, 60, 60, '2025-06-25 01:19:49', '2025-06-25 01:19:49'),
(639, 1585, 69, 394, 1, 65, 65, '2025-06-25 01:25:10', '2025-06-25 01:25:10'),
(640, 1586, 52, 318, 1, 0, 0, '2025-06-25 01:27:42', '2025-06-25 01:27:42'),
(641, 1587, 44, 278, 1, 60, 60, '2025-06-25 01:34:41', '2025-06-25 01:34:41'),
(642, 1588, 44, 280, 1, 60, 60, '2025-06-25 01:39:03', '2025-06-25 01:39:03'),
(643, 1589, 52, 318, 1, 0, 0, '2025-06-25 01:44:39', '2025-06-25 01:44:39'),
(644, 1590, 34, 238, 1, 65, 65, '2025-06-25 01:47:34', '2025-06-25 01:47:34'),
(645, 1591, 57, 340, 1, 65, 65, '2025-06-26 15:52:42', '2025-06-26 15:52:42'),
(646, 1592, 64, 372, 1, 65, 65, '2025-06-26 15:57:02', '2025-06-26 15:57:02'),
(647, 1593, 64, 371, 1, 65, 65, '2025-06-26 16:02:07', '2025-06-26 16:02:07'),
(648, 1594, 70, 400, 1, 65, 65, '2025-06-26 16:05:41', '2025-06-26 16:05:41'),
(649, 1595, 56, 337, 1, 65, 65, '2025-06-26 16:06:12', '2025-06-26 16:06:12'),
(650, 1596, 43, 274, 1, 60, 60, '2025-06-26 16:13:42', '2025-06-26 16:13:42'),
(651, 1597, 36, 246, 1, 60, 60, '2025-06-26 16:17:21', '2025-06-26 16:17:21'),
(652, 1598, 59, 347, 1, 65, 65, '2025-06-26 16:17:24', '2025-06-26 16:17:24'),
(653, 1599, 43, 275, 1, 60, 60, '2025-06-26 16:22:43', '2025-06-26 16:22:43'),
(654, 1600, 64, 371, 1, 65, 65, '2025-06-26 16:25:56', '2025-06-26 16:25:56'),
(655, 1601, 41, 269, 1, 60, 60, '2025-06-26 16:27:05', '2025-06-26 16:27:05'),
(656, 1602, 54, 330, 1, 65, 65, '2025-06-26 16:30:01', '2025-06-26 16:30:01'),
(657, 1603, 56, 336, 1, 65, 65, '2025-06-26 16:32:28', '2025-06-26 16:32:28');
INSERT INTO `order_products` (`id`, `order_id`, `product_id`, `variation_id`, `quantity`, `net_price`, `sub_total_price`, `created_at`, `updated_at`) VALUES
(658, 1604, 45, 283, 1, 60, 60, '2025-06-26 16:34:46', '2025-06-26 16:34:46'),
(659, 1605, 43, 274, 1, 60, 60, '2025-06-26 16:36:53', '2025-06-26 16:36:53'),
(660, 1606, 62, 365, 1, 65, 65, '2025-06-26 16:46:12', '2025-06-26 16:46:12'),
(661, 1607, 64, 373, 1, 65, 65, '2025-06-26 16:57:53', '2025-06-26 16:57:53'),
(662, 1608, 41, 268, 1, 60, 60, '2025-06-26 16:58:25', '2025-06-26 16:58:25'),
(663, 1609, 62, 364, 1, 65, 65, '2025-06-26 17:06:10', '2025-06-26 17:06:10'),
(664, 1610, 45, 286, 1, 60, 60, '2025-06-26 17:14:17', '2025-06-26 17:14:17'),
(665, 1611, 45, 286, 1, 60, 60, '2025-06-26 17:17:11', '2025-06-26 17:17:11'),
(666, 1612, 62, 365, 1, 65, 65, '2025-06-26 17:21:00', '2025-06-26 17:21:00'),
(667, 1613, 56, 335, 1, 65, 65, '2025-06-26 17:25:40', '2025-06-26 17:25:40'),
(668, 1614, 41, 268, 1, 60, 60, '2025-06-26 17:46:21', '2025-06-26 17:46:21'),
(669, 1615, 50, 308, 1, 60, 60, '2025-06-26 18:11:34', '2025-06-26 18:11:34'),
(670, 1616, 56, 338, 1, 65, 65, '2025-06-26 18:16:47', '2025-06-26 18:16:47'),
(671, 1617, 43, 276, 1, 60, 60, '2025-06-26 18:20:23', '2025-06-26 18:20:23'),
(672, 1618, 45, 285, 1, 60, 60, '2025-06-26 18:24:33', '2025-06-26 18:24:33'),
(673, 1619, 43, 276, 1, 60, 60, '2025-06-27 00:41:18', '2025-06-27 00:41:18'),
(674, 1620, 64, 371, 1, 65, 65, '2025-06-27 00:52:00', '2025-06-27 00:52:00'),
(675, 1621, 62, 365, 1, 65, 65, '2025-06-27 01:28:58', '2025-06-27 01:28:58'),
(676, 1622, 53, 321, 1, 65, 65, '2025-06-27 22:30:17', '2025-06-27 22:30:17'),
(677, 1623, 69, 395, 1, 65, 65, '2025-06-27 22:40:39', '2025-06-27 22:40:39'),
(678, 1624, 56, 335, 1, 65, 65, '2025-06-27 22:54:34', '2025-06-27 22:54:34'),
(679, 1625, 56, 335, 1, 65, 65, '2025-06-27 23:04:00', '2025-06-27 23:04:00'),
(680, 1626, 72, 408, 1, 65, 65, '2025-06-27 23:31:28', '2025-06-27 23:31:28'),
(681, 1627, 50, 313, 1, 60, 60, '2025-06-27 23:47:19', '2025-06-27 23:47:19'),
(682, 1628, 62, 363, 1, 65, 65, '2025-06-28 00:38:17', '2025-06-28 00:38:17'),
(683, 1629, 62, 363, 1, 65, 65, '2025-06-28 00:44:15', '2025-06-28 00:44:15'),
(684, 1630, 54, 327, 1, -65, -65, '2025-06-28 00:45:42', '2025-06-28 00:45:42'),
(685, 1631, 41, 267, 1, 60, 60, '2025-06-28 00:55:54', '2025-06-28 00:55:54'),
(686, 1632, 41, 267, 1, 60, 60, '2025-06-28 01:00:17', '2025-06-28 01:00:17'),
(687, 1633, 64, 373, 1, 65, 65, '2025-06-28 01:00:17', '2025-06-28 01:00:17'),
(688, 1634, 50, 313, 1, 60, 60, '2025-06-28 01:09:00', '2025-06-28 01:09:00'),
(689, 1635, 36, 244, 1, 60, 60, '2025-06-28 01:12:04', '2025-06-28 01:12:04'),
(690, 1636, 36, 246, 1, 60, 60, '2025-06-28 01:17:02', '2025-06-28 01:17:02'),
(691, 1637, 43, 277, 1, 60, 60, '2025-06-28 01:17:03', '2025-06-28 01:17:03'),
(692, 1638, 33, 233, 1, 60, 60, '2025-06-28 01:23:54', '2025-06-28 01:23:54'),
(693, 1639, 43, 277, 1, 60, 60, '2025-06-28 01:25:18', '2025-06-28 01:25:18'),
(694, 1640, 41, 269, 1, 60, 60, '2025-06-28 01:28:24', '2025-06-28 01:28:24'),
(695, 1641, 62, 363, 1, 65, 65, '2025-06-28 01:31:35', '2025-06-28 01:31:35'),
(696, 1642, 56, 335, 1, 65, 65, '2025-06-28 01:34:53', '2025-06-28 01:34:53'),
(697, 1643, 33, 235, 1, 60, 60, '2025-06-28 01:37:55', '2025-06-28 01:37:55'),
(698, 1644, 33, 235, 1, 60, 60, '2025-06-28 01:42:04', '2025-06-28 01:42:04'),
(699, 1645, 41, 269, 1, 60, 60, '2025-06-28 01:47:12', '2025-06-28 01:47:12'),
(700, 1646, 43, 277, 1, 60, 60, '2025-06-28 01:53:33', '2025-06-28 01:53:33'),
(701, 1647, 63, 367, 1, 65, 65, '2025-06-28 02:53:57', '2025-06-28 02:53:57'),
(702, 1648, 3, 215, 0, 65, 0, '2025-06-28 03:01:30', '2025-06-28 03:01:30'),
(703, 1649, 60, 354, 1, 65, 65, '2025-06-28 03:36:45', '2025-06-28 03:36:45'),
(704, 1650, 53, 319, 1, 65, 65, '2025-06-28 18:28:49', '2025-06-28 18:28:49'),
(705, 1651, 59, 347, 1, 65, 65, '2025-06-28 22:47:12', '2025-06-28 22:47:12'),
(706, 1652, 50, 310, 1, 60, 60, '2025-06-28 22:53:19', '2025-06-28 22:53:19'),
(707, 1653, 56, 335, 1, 65, 65, '2025-06-28 23:06:24', '2025-06-28 23:06:24'),
(708, 1654, 50, 308, 1, 60, 60, '2025-06-28 23:20:20', '2025-06-28 23:20:20'),
(709, 1655, 56, 337, 1, 65, 65, '2025-06-28 23:26:59', '2025-06-28 23:26:59'),
(710, 1656, 56, 336, 1, 65, 65, '2025-06-28 23:31:18', '2025-06-28 23:31:18'),
(711, 1657, 62, 364, 1, 65, 65, '2025-06-28 23:34:20', '2025-06-28 23:34:20'),
(712, 1658, 62, 364, 1, 65, 65, '2025-06-29 00:08:03', '2025-06-29 00:08:03'),
(713, 1659, 62, 365, 1, 65, 65, '2025-06-29 00:13:07', '2025-06-29 00:13:07'),
(714, 1660, 36, 247, 1, 60, 60, '2025-06-29 00:24:11', '2025-06-29 00:24:11'),
(715, 1661, 74, 416, 1, 65, 65, '2025-06-29 00:29:33', '2025-06-29 00:29:33'),
(716, 1662, 77, 427, 1, 65, 65, '2025-06-29 00:33:43', '2025-06-29 00:33:43'),
(717, 1663, 76, 426, 1, 65, 65, '2025-06-29 00:39:01', '2025-06-29 00:39:01'),
(718, 1664, 45, 284, 1, 60, 60, '2025-06-29 02:03:33', '2025-06-29 02:03:33'),
(719, 1665, 77, 427, 1, 65, 65, '2025-06-29 02:21:53', '2025-06-29 02:21:53'),
(720, 1666, 76, 423, 1, 65, 65, '2025-06-29 02:57:16', '2025-06-29 02:57:16'),
(721, 1666, 75, 419, 1, 65, 65, '2025-06-29 02:57:16', '2025-06-29 02:57:16'),
(722, 1667, 75, 422, 1, 65, 65, '2025-06-29 15:35:41', '2025-06-29 15:35:41'),
(723, 1668, 62, 365, 1, 65, 65, '2025-06-29 15:47:59', '2025-06-29 15:47:59'),
(724, 1669, 69, 394, 1, 65, 65, '2025-06-29 17:14:27', '2025-06-29 17:14:27'),
(725, 1670, 45, 286, 1, 60, 60, '2025-06-29 18:39:09', '2025-06-29 18:39:09'),
(726, 1671, 57, 340, 1, 65, 65, '2025-06-29 18:49:22', '2025-06-29 18:49:22'),
(727, 1672, 60, 353, 1, 65, 65, '2025-06-30 00:41:26', '2025-06-30 00:41:26'),
(728, 1673, 60, 358, 1, 65, 65, '2025-06-30 01:25:46', '2025-06-30 01:25:46'),
(729, 1674, 60, 355, 1, 65, 65, '2025-06-30 01:28:56', '2025-06-30 01:28:56'),
(730, 1675, 60, 354, 1, 65, 65, '2025-06-30 01:36:20', '2025-06-30 01:36:20'),
(731, 1676, 60, 356, 1, 65, 65, '2025-06-30 01:41:43', '2025-06-30 01:41:43'),
(732, 1677, 60, 356, 1, 65, 65, '2025-06-30 01:46:38', '2025-06-30 01:46:38'),
(733, 1678, 35, 243, 1, 60, 60, '2025-06-30 01:51:47', '2025-06-30 01:51:47'),
(734, 1679, 79, 440, 1, 65, 65, '2025-06-30 02:07:07', '2025-06-30 02:07:07'),
(735, 1680, 53, 321, 1, 65, 65, '2025-06-30 02:07:47', '2025-06-30 02:07:47'),
(736, 1681, 60, 354, 1, 65, 65, '2025-06-30 02:11:32', '2025-06-30 02:11:32'),
(737, 1682, 56, 336, 1, 65, 65, '2025-06-30 22:38:26', '2025-06-30 22:38:26'),
(738, 1683, 56, 338, 1, 65, 65, '2025-06-30 22:41:24', '2025-06-30 22:41:24'),
(739, 1684, 77, 429, 1, 65, 65, '2025-06-30 22:44:28', '2025-06-30 22:44:28'),
(740, 1685, 45, 282, 1, 60, 60, '2025-06-30 23:06:10', '2025-06-30 23:06:10'),
(741, 1686, 76, 425, 1, 65, 65, '2025-06-30 23:32:52', '2025-06-30 23:32:52'),
(742, 1687, 60, 353, 1, 65, 65, '2025-06-30 23:39:59', '2025-06-30 23:39:59'),
(743, 1688, 74, 416, 1, 65, 65, '2025-06-30 23:43:42', '2025-06-30 23:43:42'),
(744, 1689, 62, 366, 1, 65, 65, '2025-06-30 23:46:45', '2025-06-30 23:46:45'),
(745, 1690, 77, 427, 1, 65, 65, '2025-06-30 23:49:37', '2025-06-30 23:49:37'),
(746, 1691, 60, 355, 1, 65, 65, '2025-06-30 23:52:41', '2025-06-30 23:52:41'),
(747, 1692, 60, 355, 1, 65, 65, '2025-06-30 23:56:22', '2025-06-30 23:56:22'),
(748, 1692, 60, 356, 1, 65, 65, '2025-06-30 23:56:22', '2025-06-30 23:56:22'),
(749, 1693, 74, 417, 1, 65, 65, '2025-06-30 23:59:50', '2025-06-30 23:59:50'),
(750, 1694, 36, 247, 1, 60, 60, '2025-07-01 00:03:02', '2025-07-01 00:03:02'),
(751, 1695, 60, 358, 1, 65, 65, '2025-07-01 00:06:33', '2025-07-01 00:06:33'),
(753, 1696, 45, 284, 1, 60, 60, '2025-07-01 00:14:14', '2025-07-01 00:14:14'),
(754, 1697, 36, 246, 1, 60, 60, '2025-07-01 00:18:56', '2025-07-01 00:18:56'),
(755, 1698, 77, 427, 1, 65, 65, '2025-07-01 00:23:25', '2025-07-01 00:23:25'),
(756, 1698, 77, 427, 1, 65, 65, '2025-07-01 00:23:25', '2025-07-01 00:23:25'),
(757, 1699, 60, 357, 1, 65, 65, '2025-07-01 00:26:27', '2025-07-01 00:26:27'),
(758, 1700, 59, 349, 1, 65, 65, '2025-07-01 00:31:22', '2025-07-01 00:31:22'),
(759, 1701, 79, 440, 1, 65, 65, '2025-07-01 00:38:06', '2025-07-01 00:38:06'),
(760, 1702, 74, 416, 1, 65, 65, '2025-07-01 00:41:20', '2025-07-01 00:41:20'),
(761, 1703, 81, 450, 1, 65, 65, '2025-07-01 00:52:05', '2025-07-01 00:52:05'),
(762, 1704, 69, 396, 1, 65, 65, '2025-07-01 00:55:43', '2025-07-01 00:55:43'),
(763, 1705, 50, 313, 1, 60, 60, '2025-07-01 00:59:26', '2025-07-01 00:59:26'),
(764, 1706, 69, 395, 1, 65, 65, '2025-07-01 01:02:35', '2025-07-01 01:02:35'),
(765, 1707, 82, 456, 1, 65, 65, '2025-07-01 01:14:11', '2025-07-01 01:14:11'),
(766, 1708, 56, 337, 1, 65, 65, '2025-07-01 01:38:05', '2025-07-01 01:38:05'),
(767, 1709, 58, 343, 1, 65, 65, '2025-07-01 02:05:50', '2025-07-01 02:05:50'),
(768, 1710, 83, 458, 1, 65, 65, '2025-07-01 02:28:02', '2025-07-01 02:28:02'),
(769, 1711, 56, 336, 1, 65, 65, '2025-07-01 03:00:13', '2025-07-01 03:00:13'),
(771, 1713, 62, 366, 1, 65, 65, '2025-07-02 00:23:30', '2025-07-02 00:23:30'),
(772, 1714, 36, 245, 1, 60, 60, '2025-07-02 00:27:25', '2025-07-02 00:27:25'),
(773, 1715, 60, 353, 1, 65, 65, '2025-07-02 00:30:47', '2025-07-02 00:30:47'),
(775, 1716, 62, 363, 1, 65, 65, '2025-07-02 00:48:58', '2025-07-02 00:48:58'),
(776, 1717, 60, 355, 1, 65, 65, '2025-07-02 00:53:14', '2025-07-02 00:53:14'),
(777, 1718, 60, 355, 1, 65, 65, '2025-07-02 00:58:28', '2025-07-02 00:58:28'),
(778, 1719, 45, 282, 1, 60, 60, '2025-07-02 01:01:41', '2025-07-02 01:01:41'),
(779, 1720, 57, 341, 1, 65, 65, '2025-07-02 01:12:30', '2025-07-02 01:12:30'),
(780, 1721, 60, 355, 1, 65, 65, '2025-07-02 01:15:22', '2025-07-02 01:15:22'),
(781, 1722, 75, 420, 1, 65, 65, '2025-07-02 01:18:18', '2025-07-02 01:18:18'),
(782, 1723, 56, 338, 1, 65, 65, '2025-07-02 01:20:51', '2025-07-02 01:20:51'),
(783, 1724, 81, 448, 1, 65, 65, '2025-07-02 01:23:31', '2025-07-02 01:23:31'),
(784, 1725, 75, 421, 1, 65, 65, '2025-07-02 01:27:14', '2025-07-02 01:27:14'),
(785, 1726, 60, 356, 1, 65, 65, '2025-07-02 01:27:27', '2025-07-02 01:27:27'),
(786, 1727, 60, 353, 1, 65, 65, '2025-07-02 01:32:49', '2025-07-02 01:32:49'),
(787, 1728, 60, 357, 1, 65, 65, '2025-07-02 01:35:45', '2025-07-02 01:35:45'),
(788, 1729, 60, 356, 1, 65, 65, '2025-07-02 01:38:25', '2025-07-02 01:38:25'),
(789, 1730, 60, 357, 1, 65, 65, '2025-07-02 01:40:26', '2025-07-02 01:40:26'),
(790, 1731, 36, 247, 1, 60, 60, '2025-07-02 01:43:01', '2025-07-02 01:43:01'),
(791, 1732, 78, 432, 1, 65, 65, '2025-07-02 01:47:20', '2025-07-02 01:47:20'),
(792, 1733, 60, 358, 1, 65, 65, '2025-07-02 01:56:45', '2025-07-02 01:56:45'),
(793, 1734, 60, 355, 1, 65, 65, '2025-07-02 01:59:00', '2025-07-02 01:59:00'),
(794, 1735, 41, 268, 1, 60, 60, '2025-07-02 02:01:44', '2025-07-02 02:01:44'),
(795, 1736, 60, 356, 1, 65, 65, '2025-07-02 02:16:41', '2025-07-02 02:16:41'),
(796, 1737, 84, 463, 1, 65, 65, '2025-07-02 02:28:12', '2025-07-02 02:28:12'),
(797, 1738, 74, 415, 1, 65, 65, '2025-07-02 02:30:31', '2025-07-02 02:30:31'),
(798, 1739, 60, 355, 1, 65, 65, '2025-07-02 02:39:54', '2025-07-02 02:39:54'),
(799, 1740, 85, 469, 1, 65, 65, '2025-07-02 02:45:46', '2025-07-02 02:45:46'),
(800, 1741, 78, 432, 1, 65, 65, '2025-07-02 02:48:16', '2025-07-02 02:48:16'),
(801, 1742, 64, 374, 1, 65, 65, '2025-07-02 02:53:28', '2025-07-02 02:53:28'),
(802, 1743, 81, 447, 1, 65, 65, '2025-07-02 02:59:42', '2025-07-02 02:59:42'),
(803, 1744, 83, 458, 1, 65, 65, '2025-07-02 03:02:49', '2025-07-02 03:02:49'),
(804, 1745, 59, 351, 1, 65, 65, '2025-07-02 03:06:24', '2025-07-02 03:06:24');

-- --------------------------------------------------------

--
-- Table structure for table `pages`
--

CREATE TABLE `pages` (
  `id` bigint(20) UNSIGNED NOT NULL,
  `name` varchar(255) NOT NULL,
  `url` varchar(255) DEFAULT NULL,
  `created_at` timestamp NULL DEFAULT NULL,
  `updated_at` timestamp NULL DEFAULT NULL
) ENGINE=InnoDB DEFAULT CHARSET=utf8mb4 COLLATE=utf8mb4_unicode_ci;

--
-- Dumping data for table `pages`
--

INSERT INTO `pages` (`id`, `name`, `url`, `created_at`, `updated_at`) VALUES
(2, 'نمبر وان للعباءة الخليجيه', 'نمبر وان للعباءة الخليجيه', '2025-05-09 21:03:38', '2025-05-09 21:03:38'),
(3, 'ترند للعباءة الخليجية', 'ترند للعباءة الخليجية', '2025-06-12 02:07:16', '2025-06-12 02:07:16'),
(4, 'امباير للعبايات الخليجية', 'امباير للعبايات الخليجية', '2025-06-12 02:11:07', '2025-06-12 02:11:07'),
(5, 'البارون للعبايات الخليجية', 'البارون للعبايات الخليجية', '2025-06-12 02:13:03', '2025-06-12 02:13:03');

-- --------------------------------------------------------

--
-- Table structure for table `password_resets`
--

CREATE TABLE `password_resets` (
  `email` varchar(255) NOT NULL,
  `token` varchar(255) NOT NULL,
  `created_at` timestamp NULL DEFAULT NULL
) ENGINE=InnoDB DEFAULT CHARSET=utf8mb4 COLLATE=utf8mb4_unicode_ci;

-- --------------------------------------------------------

--
-- Table structure for table `permissions`
--

CREATE TABLE `permissions` (
  `id` bigint(20) UNSIGNED NOT NULL,
  `name` varchar(255) NOT NULL,
  `guard_name` varchar(255) NOT NULL,
  `created_at` timestamp NULL DEFAULT NULL,
  `updated_at` timestamp NULL DEFAULT NULL
) ENGINE=InnoDB DEFAULT CHARSET=utf8mb4 COLLATE=utf8mb4_unicode_ci;

-- --------------------------------------------------------

--
-- Table structure for table `personal_access_tokens`
--

CREATE TABLE `personal_access_tokens` (
  `id` bigint(20) UNSIGNED NOT NULL,
  `tokenable_type` varchar(255) NOT NULL,
  `tokenable_id` bigint(20) UNSIGNED NOT NULL,
  `name` varchar(255) NOT NULL,
  `token` varchar(64) NOT NULL,
  `abilities` text DEFAULT NULL,
  `last_used_at` timestamp NULL DEFAULT NULL,
  `expires_at` timestamp NULL DEFAULT NULL,
  `created_at` timestamp NULL DEFAULT NULL,
  `updated_at` timestamp NULL DEFAULT NULL
) ENGINE=InnoDB DEFAULT CHARSET=utf8mb4 COLLATE=utf8mb4_unicode_ci;

-- --------------------------------------------------------

--
-- Table structure for table `products`
--

CREATE TABLE `products` (
  `id` bigint(20) UNSIGNED NOT NULL,
  `supplier_id` int(11) DEFAULT NULL,
  `name` varchar(255) NOT NULL,
  `model_name` varchar(255) DEFAULT NULL,
  `default_price` double NOT NULL DEFAULT 0,
  `image` varchar(255) DEFAULT NULL,
  `created_at` timestamp NULL DEFAULT NULL,
  `updated_at` timestamp NULL DEFAULT NULL
) ENGINE=InnoDB DEFAULT CHARSET=utf8mb4 COLLATE=utf8mb4_unicode_ci;

--
-- Dumping data for table `products`
--

INSERT INTO `products` (`id`, `supplier_id`, `name`, `model_name`, `default_price`, `image`, `created_at`, `updated_at`) VALUES
(2, 2, 'س', 'س', 0, '1394055627_1746813669.jpeg', '2025-05-09 21:01:09', '2025-05-09 21:01:09'),
(3, 2, 'فقسه قهوائي', 'فقسه قهوائي', 0, '259348611_1748548755.jpeg', '2025-05-29 19:05:12', '2025-05-29 22:59:15'),
(31, 2, 'فقسه رصاصي', 'فقسه رصاصي', 0, '1324659932_1748549212.jpeg', '2025-05-29 23:06:52', '2025-05-29 23:06:52'),
(32, NULL, 'فقسه تركوازي', 'فقسه تركوازي', 0, '1915622996_1748549300.jpeg', '2025-05-29 23:08:20', '2025-05-29 23:08:20'),
(33, NULL, 'نمري بروش', 'نمري بروش', 0, '1076617614_1748549441.jpeg', '2025-05-29 23:10:41', '2025-05-29 23:10:41'),
(34, NULL, 'ملحفه اسود', 'ملحفه اسود', 0, '1964485389_1748549555.jpeg', '2025-05-29 23:12:35', '2025-05-29 23:12:35'),
(35, NULL, 'ياخه نمري', 'ياخه نمري', 0, '1646108078_1748549681.jpeg', '2025-05-29 23:14:41', '2025-05-29 23:14:41'),
(36, NULL, 'يدوي ازرك', 'يدوي ازرك', 0, '1992760232_1748550164.jpeg', '2025-05-29 23:22:44', '2025-05-29 23:22:44'),
(37, NULL, 'مريم ستايل', 'مريم ستايل', 0, '1904892173_1748550365.jpeg', '2025-05-29 23:26:05', '2025-05-29 23:26:05'),
(38, NULL, 'كيبور نص', 'كيبور نص', 0, '1953210704_1748550563.jpeg', '2025-05-29 23:29:23', '2025-05-29 23:29:23'),
(39, NULL, 'كيبور طول', 'كيبور طول', 0, '91796174_1748550944.jpeg', '2025-05-29 23:35:44', '2025-05-29 23:35:44'),
(40, NULL, 'بدون اسم', 'بدون اسم', 0, '109148359_1748551675.jpeg', '2025-05-29 23:47:55', '2025-05-29 23:47:55'),
(41, NULL, 'مسطره شجره', 'مسطره شجره', 0, '1920079298_1748551974.jpeg', '2025-05-29 23:52:54', '2025-05-29 23:52:54'),
(42, NULL, 'كنوز كيبور', 'كنوز كيبور', 0, '1446992652_1748552482.jpeg', '2025-05-30 00:01:22', '2025-05-30 00:01:22'),
(43, NULL, 'ياخه يدوي', 'ياخه يدوي', 0, '1580999317_1748606552.jpeg', '2025-05-30 00:03:57', '2025-05-30 15:02:32'),
(44, NULL, 'الينا', 'الينا', 0, '1654749452_1748552756.jpeg', '2025-05-30 00:05:56', '2025-05-30 00:05:56'),
(45, NULL, 'فيونكه اسود', 'فيونكه اسود', 0, NULL, '2025-05-30 00:44:51', '2025-05-30 00:44:51'),
(46, NULL, 'كبيره بني', 'كبيره بني', 0, NULL, '2025-05-30 01:01:26', '2025-05-30 01:01:26'),
(47, NULL, 'ركلان فستقي ط', 'ركلان فستقي ط', 0, NULL, '2025-05-30 01:36:34', '2025-05-30 01:36:34'),
(48, NULL, 'ورد بيجي', 'ورد بيجي', 0, NULL, '2025-05-30 01:37:52', '2025-05-30 01:37:52'),
(49, NULL, 'مطبع', 'مطبع', 0, NULL, '2025-05-30 02:23:50', '2025-05-30 02:23:50'),
(50, NULL, 'كبيره وردي', 'كبيره وردي', 0, '843679113_1748612258.jpg', '2025-05-30 16:37:38', '2025-05-30 16:37:38'),
(51, NULL, 'الوليد', 'الوليد', 0, NULL, '2025-05-31 01:11:37', '2025-05-31 01:11:37'),
(52, NULL, 'منتج', 'منتج', 0, NULL, '2025-06-01 01:38:54', '2025-06-01 01:38:54'),
(53, NULL, 'عيايه بروش يدوي', 'عباية بروش يدوي', 0, NULL, '2025-06-11 23:35:02', '2025-06-11 23:35:02'),
(54, NULL, 'ورد اسود', 'ورد اسود', 0, NULL, '2025-06-11 23:42:35', '2025-06-11 23:42:35'),
(55, NULL, 'بنسات وردي', 'بنسات وردي', 0, NULL, '2025-06-13 00:17:12', '2025-06-13 00:17:12'),
(56, NULL, 'كتف كسرات', 'كتف كسرات', 0, NULL, '2025-06-13 01:39:10', '2025-06-13 01:39:10'),
(57, NULL, 'ايلينا يدوي', 'ايلينا يدوي', 0, NULL, '2025-06-13 01:42:45', '2025-06-13 01:42:45'),
(58, NULL, 'مطبع اسود', 'مطبع اسود', 0, NULL, '2025-06-14 01:14:24', '2025-06-14 01:14:24'),
(59, NULL, 'كبيرة تركوازي', 'كبيرة تركوازي', 0, NULL, '2025-06-15 01:05:50', '2025-06-15 01:05:50'),
(60, NULL, 'شراشيب اسود', 'شراشيب اسود', 0, NULL, '2025-06-15 01:33:06', '2025-06-15 01:33:06'),
(61, NULL, 'جلاتين الوان', 'جلاتين الوان', 0, NULL, '2025-06-15 01:45:46', '2025-06-15 01:45:46'),
(62, NULL, 'مسطرة فانو', 'مسطرة فانو', 0, NULL, '2025-06-16 02:09:30', '2025-06-16 02:09:30'),
(63, NULL, 'مسطرة فيونكة', 'مسطرة فيونكة', 0, NULL, '2025-06-16 02:17:19', '2025-06-16 02:17:19'),
(64, NULL, 'مسطرة يدوي', 'مسطرة يدوي', 0, NULL, '2025-06-16 02:21:12', '2025-06-16 02:21:12'),
(65, NULL, 'اصاله تركوازي', 'اصاله تركوازي', 0, NULL, '2025-06-17 23:21:05', '2025-06-17 23:21:05'),
(66, NULL, 'اصاله اسود', 'اصاله اسود', 0, NULL, '2025-06-17 23:30:42', '2025-06-17 23:30:42'),
(67, NULL, 'بنسات قهواىي', 'بنسات قهواىي', 0, NULL, '2025-06-18 02:44:50', '2025-06-18 02:44:50'),
(68, NULL, 'بنسات تركوازي', 'بنسات تركوازي', 0, NULL, '2025-06-18 02:49:41', '2025-06-18 02:49:41'),
(69, NULL, 'كبيرة قهواىي', 'كبيرة قهواىي', 0, NULL, '2025-06-20 01:14:08', '2025-06-20 01:14:08'),
(70, NULL, 'كبيرة بيجي', 'كبيرة بيجي', 0, NULL, '2025-06-22 00:03:44', '2025-06-22 00:03:44'),
(71, NULL, 'اصاله قهواىي', 'اصاله قهواىي', 0, NULL, '2025-06-23 21:24:26', '2025-06-23 21:24:26'),
(72, NULL, 'بنسات زيتي', 'بنسات زيتي', 0, NULL, '2025-06-23 22:07:09', '2025-06-23 22:07:09'),
(73, NULL, 'بنسات زيتوني', 'بنسات زيتوني', 0, NULL, '2025-06-24 23:18:51', '2025-06-24 23:18:51'),
(74, NULL, 'ردن تحفير', 'ردن تحفير', 0, NULL, '2025-06-29 00:13:24', '2025-06-29 00:13:24'),
(75, NULL, 'ايلين يدوي قهوائي', 'ايلين يدوي قهوائي', 0, NULL, '2025-06-29 00:16:47', '2025-06-29 00:16:47'),
(76, NULL, 'ايلين يدوي بيجي', 'ايلين يدوي بيجي', 0, NULL, '2025-06-29 00:18:15', '2025-06-29 00:18:15'),
(77, NULL, 'مسطرة منقط', 'مسطرة منقط', 0, NULL, '2025-06-29 00:29:52', '2025-06-29 00:29:52'),
(78, NULL, 'ردن كلوش', 'ردن كلوش', 0, NULL, '2025-06-29 02:18:48', '2025-06-29 02:18:48'),
(79, NULL, 'وردة صغيرة تركوازي', 'وردة صغيرة تركوازي', 0, NULL, '2025-06-30 01:33:38', '2025-06-30 01:33:38'),
(80, NULL, 'وردة صغيرة قهوائي', 'وردة صغيرة قهوائي', 0, NULL, '2025-06-30 01:36:20', '2025-06-30 01:36:20'),
(81, NULL, 'امارة', 'امارة', 0, NULL, '2025-06-30 02:19:48', '2025-06-30 02:19:48'),
(82, NULL, 'وردة صغيؤة وردي', 'وردة صغيؤة وردي', 0, NULL, '2025-07-01 01:07:44', '2025-07-01 01:07:44'),
(83, NULL, 'شراشيب كحلي', 'شراشيب كحلي', 0, NULL, '2025-07-01 02:24:41', '2025-07-01 02:24:41'),
(84, NULL, 'هاجر', 'هاجر', 0, NULL, '2025-07-02 02:25:46', '2025-07-02 02:25:46'),
(85, NULL, 'مغربي اسود', 'مغربي اسود', 0, NULL, '2025-07-02 02:42:08', '2025-07-02 02:42:08');

-- --------------------------------------------------------

--
-- Table structure for table `product_variations`
--

CREATE TABLE `product_variations` (
  `id` bigint(20) UNSIGNED NOT NULL,
  `product_id` bigint(20) UNSIGNED NOT NULL,
  `var_name` varchar(255) NOT NULL,
  `quantity` int(11) UNSIGNED NOT NULL DEFAULT 0,
  `price` double NOT NULL DEFAULT 0,
  `average_price` double DEFAULT NULL,
  `created_at` timestamp NULL DEFAULT NULL,
  `updated_at` timestamp NULL DEFAULT NULL
) ENGINE=InnoDB DEFAULT CHARSET=utf8mb4 COLLATE=utf8mb4_unicode_ci;

--
-- Dumping data for table `product_variations`
--

INSERT INTO `product_variations` (`id`, `product_id`, `var_name`, `quantity`, `price`, `average_price`, `created_at`, `updated_at`) VALUES
(2, 2, '1', 0, 50, NULL, '2025-05-09 21:01:09', '2025-05-30 00:11:58'),
(3, 2, '1', 0, 50, NULL, '2025-05-09 21:01:09', '2025-05-29 22:55:08'),
(4, 2, '1', 0, 50, NULL, '2025-05-09 21:01:09', '2025-05-30 00:11:59'),
(5, 2, '1', 0, 50, NULL, '2025-05-09 21:01:09', '2025-05-30 00:12:00'),
(6, 2, '1', 0, 50, NULL, '2025-05-09 21:01:09', '2025-05-29 22:55:09'),
(15, 4, 'S', 0, 0, NULL, '2025-05-29 19:12:06', '2025-05-29 19:12:06'),
(16, 4, 'M', 0, 0, NULL, '2025-05-29 19:12:06', '2025-05-29 19:12:06'),
(17, 4, 'L', 0, 0, NULL, '2025-05-29 19:12:06', '2025-05-29 19:12:06'),
(18, 4, 'XL', 0, 0, NULL, '2025-05-29 19:12:06', '2025-05-29 19:12:06'),
(19, 4, 'XXL', 0, 0, NULL, '2025-05-29 19:12:06', '2025-05-29 19:12:06'),
(20, 4, 'XXXL', 0, 0, NULL, '2025-05-29 19:12:06', '2025-05-29 19:12:06'),
(21, 4, 'XXXXL', 0, 0, NULL, '2025-05-29 19:12:06', '2025-05-29 19:12:06'),
(22, 5, 'S', 0, 0, NULL, '2025-05-29 19:14:03', '2025-05-29 19:14:03'),
(23, 5, 'M', 0, 0, NULL, '2025-05-29 19:14:03', '2025-05-29 19:14:03'),
(24, 5, 'L', 0, 0, NULL, '2025-05-29 19:14:03', '2025-05-29 19:14:03'),
(25, 5, 'XL', 0, 0, NULL, '2025-05-29 19:14:03', '2025-05-29 19:14:03'),
(26, 5, 'XXL', 0, 0, NULL, '2025-05-29 19:14:03', '2025-05-29 19:14:03'),
(27, 5, 'XXXL', 0, 0, NULL, '2025-05-29 19:14:03', '2025-05-29 19:14:03'),
(28, 5, 'XXXXL', 0, 0, NULL, '2025-05-29 19:14:03', '2025-05-29 19:14:03'),
(29, 6, 'S', 0, 0, NULL, '2025-05-29 19:25:50', '2025-05-29 19:25:50'),
(30, 6, 'M', 0, 0, NULL, '2025-05-29 19:25:50', '2025-05-29 19:25:50'),
(31, 6, 'L', 0, 0, NULL, '2025-05-29 19:25:50', '2025-05-29 19:25:50'),
(32, 6, 'XL', 0, 0, NULL, '2025-05-29 19:25:50', '2025-05-29 19:25:50'),
(33, 6, 'XXL', 0, 0, NULL, '2025-05-29 19:25:50', '2025-05-29 19:25:50'),
(34, 6, 'XXXL', 0, 0, NULL, '2025-05-29 19:25:50', '2025-05-29 19:25:50'),
(35, 6, 'XXXXL', 0, 0, NULL, '2025-05-29 19:25:50', '2025-05-29 19:25:50'),
(36, 7, 'S', 0, 0, NULL, '2025-05-29 19:35:16', '2025-05-29 19:35:16'),
(37, 7, 'M', 0, 0, NULL, '2025-05-29 19:35:16', '2025-05-29 19:35:16'),
(38, 7, 'L', 0, 0, NULL, '2025-05-29 19:35:16', '2025-05-29 19:35:16'),
(39, 7, 'XL', 0, 0, NULL, '2025-05-29 19:35:16', '2025-05-29 19:35:16'),
(40, 7, 'XXL', 0, 0, NULL, '2025-05-29 19:35:16', '2025-05-29 19:35:16'),
(41, 7, 'XXXL', 0, 0, NULL, '2025-05-29 19:35:16', '2025-05-29 19:35:16'),
(42, 7, 'XXXXL', 0, 0, NULL, '2025-05-29 19:35:16', '2025-05-29 19:35:16'),
(43, 8, 'S', 0, 0, NULL, '2025-05-29 19:36:39', '2025-05-29 19:36:39'),
(44, 8, 'M', 0, 0, NULL, '2025-05-29 19:36:39', '2025-05-29 19:36:39'),
(45, 8, 'L', 0, 0, NULL, '2025-05-29 19:36:39', '2025-05-29 19:36:39'),
(46, 8, 'XL', 0, 0, NULL, '2025-05-29 19:36:39', '2025-05-29 19:36:39'),
(47, 8, 'xxL', 0, 0, NULL, '2025-05-29 19:36:39', '2025-05-29 19:36:39'),
(48, 8, 'XXXL', 0, 0, NULL, '2025-05-29 19:36:39', '2025-05-29 19:36:39'),
(49, 8, 'XXXXL', 0, 0, NULL, '2025-05-29 19:36:39', '2025-05-29 19:36:39'),
(50, 9, 'S', 0, 0, NULL, '2025-05-29 19:45:05', '2025-05-29 19:45:05'),
(51, 9, 'M', 0, 0, NULL, '2025-05-29 19:45:05', '2025-05-29 19:45:05'),
(52, 9, 'L', 0, 0, NULL, '2025-05-29 19:45:05', '2025-05-29 19:45:05'),
(53, 9, 'XL', 0, 0, NULL, '2025-05-29 19:45:05', '2025-05-29 19:45:05'),
(54, 9, 'XXL', 0, 0, NULL, '2025-05-29 19:45:05', '2025-05-29 19:45:05'),
(55, 9, 'XXXL', 0, 0, NULL, '2025-05-29 19:45:05', '2025-05-29 19:45:05'),
(56, 9, 'XXXXL', 0, 0, NULL, '2025-05-29 19:45:05', '2025-05-29 19:45:05'),
(57, 10, 'S', 0, 0, NULL, '2025-05-29 19:46:16', '2025-05-29 19:46:16'),
(58, 10, 'M', 0, 0, NULL, '2025-05-29 19:46:16', '2025-05-29 19:46:16'),
(59, 10, 'L', 0, 0, NULL, '2025-05-29 19:46:16', '2025-05-29 19:46:16'),
(60, 10, 'XL', 0, 0, NULL, '2025-05-29 19:46:16', '2025-05-29 19:46:16'),
(61, 10, 'XXL', 0, 0, NULL, '2025-05-29 19:46:16', '2025-05-29 19:46:16'),
(62, 10, 'XXXL', 0, 0, NULL, '2025-05-29 19:46:16', '2025-05-29 19:46:16'),
(63, 10, 'XXXXL', 0, 0, NULL, '2025-05-29 19:46:16', '2025-05-29 19:46:16'),
(64, 11, 'S', 0, 0, NULL, '2025-05-29 19:50:12', '2025-05-29 19:50:12'),
(65, 11, 'M', 0, 0, NULL, '2025-05-29 19:50:12', '2025-05-29 19:50:12'),
(66, 11, 'L', 0, 0, NULL, '2025-05-29 19:50:12', '2025-05-29 19:50:12'),
(67, 11, 'XL', 0, 0, NULL, '2025-05-29 19:50:12', '2025-05-29 19:50:12'),
(68, 11, 'XXL', 0, 0, NULL, '2025-05-29 19:50:12', '2025-05-29 19:50:12'),
(69, 11, 'XXXL', 0, 0, NULL, '2025-05-29 19:50:12', '2025-05-29 19:50:12'),
(70, 11, 'XXXXL', 0, 0, NULL, '2025-05-29 19:50:12', '2025-05-29 19:50:12'),
(71, 12, 'S', 0, 0, NULL, '2025-05-29 21:10:01', '2025-05-29 21:10:01'),
(72, 12, 'M', 0, 0, NULL, '2025-05-29 21:10:01', '2025-05-29 21:10:01'),
(73, 12, 'L', 0, 0, NULL, '2025-05-29 21:10:01', '2025-05-29 21:10:01'),
(74, 12, 'XL', 0, 0, NULL, '2025-05-29 21:10:01', '2025-05-29 21:10:01'),
(75, 12, 'XXL', 0, 0, NULL, '2025-05-29 21:10:01', '2025-05-29 21:10:01'),
(76, 12, 'XXXL', 0, 0, NULL, '2025-05-29 21:10:01', '2025-05-29 21:10:01'),
(77, 12, 'XXXXL', 0, 0, NULL, '2025-05-29 21:10:01', '2025-05-29 21:10:01'),
(78, 13, 'S', 0, 0, NULL, '2025-05-29 21:11:48', '2025-05-29 21:11:48'),
(79, 13, 'M', 0, 0, NULL, '2025-05-29 21:11:48', '2025-05-29 21:11:48'),
(80, 13, 'L', 0, 0, NULL, '2025-05-29 21:11:48', '2025-05-29 21:11:48'),
(81, 13, 'XL', 0, 0, NULL, '2025-05-29 21:11:48', '2025-05-29 21:11:48'),
(82, 13, 'XXL', 0, 0, NULL, '2025-05-29 21:11:48', '2025-05-29 21:11:48'),
(83, 13, 'XXXL', 0, 0, NULL, '2025-05-29 21:11:48', '2025-05-29 21:11:48'),
(84, 13, 'XXXXL', 0, 0, NULL, '2025-05-29 21:11:48', '2025-05-29 21:11:48'),
(85, 14, 'S', 0, 0, NULL, '2025-05-29 21:14:09', '2025-05-29 21:14:09'),
(86, 14, 'M', 0, 0, NULL, '2025-05-29 21:14:09', '2025-05-29 21:14:09'),
(87, 14, 'L', 0, 0, NULL, '2025-05-29 21:14:09', '2025-05-29 21:14:09'),
(88, 14, 'XL', 0, 0, NULL, '2025-05-29 21:14:09', '2025-05-29 21:14:09'),
(89, 14, 'XXL', 0, 0, NULL, '2025-05-29 21:14:09', '2025-05-29 21:14:09'),
(90, 14, 'XXXL', 0, 0, NULL, '2025-05-29 21:14:09', '2025-05-29 21:14:09'),
(91, 14, 'XXXXL', 0, 0, NULL, '2025-05-29 21:14:09', '2025-05-29 21:14:09'),
(92, 15, 'S', 0, 0, NULL, '2025-05-29 21:14:37', '2025-05-29 21:14:37'),
(93, 15, 'M', 0, 0, NULL, '2025-05-29 21:14:37', '2025-05-29 21:14:37'),
(94, 15, 'L', 0, 0, NULL, '2025-05-29 21:14:37', '2025-05-29 21:14:37'),
(95, 15, 'XL', 0, 0, NULL, '2025-05-29 21:14:37', '2025-05-29 21:14:37'),
(96, 15, 'XXL', 0, 0, NULL, '2025-05-29 21:14:37', '2025-05-29 21:14:37'),
(97, 15, 'XXXL', 0, 0, NULL, '2025-05-29 21:14:37', '2025-05-29 21:14:37'),
(98, 15, 'XXXXL', 0, 0, NULL, '2025-05-29 21:14:37', '2025-05-29 21:14:37'),
(99, 16, 'S', 0, 0, NULL, '2025-05-29 21:48:02', '2025-05-29 21:48:02'),
(100, 16, 'M', 0, 0, NULL, '2025-05-29 21:48:02', '2025-05-29 21:48:02'),
(101, 16, 'L', 0, 0, NULL, '2025-05-29 21:48:02', '2025-05-29 21:48:02'),
(102, 16, 'XL', 0, 0, NULL, '2025-05-29 21:48:02', '2025-05-29 21:48:02'),
(103, 16, 'XXL', 0, 0, NULL, '2025-05-29 21:48:02', '2025-05-29 21:48:02'),
(104, 16, 'XXXL', 0, 0, NULL, '2025-05-29 21:48:02', '2025-05-29 21:48:02'),
(105, 16, 'XXXXL', 0, 0, NULL, '2025-05-29 21:48:02', '2025-05-29 21:48:02'),
(106, 17, 'S', 0, 0, NULL, '2025-05-29 22:00:18', '2025-05-29 22:00:18'),
(107, 17, 'M', 0, 0, NULL, '2025-05-29 22:00:18', '2025-05-29 22:00:18'),
(108, 17, 'L', 0, 0, NULL, '2025-05-29 22:00:18', '2025-05-29 22:00:18'),
(109, 17, 'XL', 0, 0, NULL, '2025-05-29 22:00:18', '2025-05-29 22:00:18'),
(110, 17, 'XXL', 0, 0, NULL, '2025-05-29 22:00:18', '2025-05-29 22:00:18'),
(111, 17, 'XXXL', 0, 0, NULL, '2025-05-29 22:00:18', '2025-05-29 22:00:18'),
(112, 17, 'XXXXL', 0, 0, NULL, '2025-05-29 22:00:18', '2025-05-29 22:00:18'),
(113, 18, 'S', 0, 0, NULL, '2025-05-29 22:02:29', '2025-05-29 22:02:29'),
(114, 18, 'M', 0, 0, NULL, '2025-05-29 22:02:29', '2025-05-29 22:02:29'),
(115, 18, 'L', 0, 0, NULL, '2025-05-29 22:02:29', '2025-05-29 22:02:29'),
(116, 18, 'XL', 0, 0, NULL, '2025-05-29 22:02:29', '2025-05-29 22:02:29'),
(117, 18, 'XXL', 0, 0, NULL, '2025-05-29 22:02:29', '2025-05-29 22:02:29'),
(118, 18, 'XXXL', 0, 0, NULL, '2025-05-29 22:02:29', '2025-05-29 22:02:29'),
(119, 18, 'XXXXL', 0, 0, NULL, '2025-05-29 22:02:29', '2025-05-29 22:02:29'),
(120, 19, 'S', 0, 0, NULL, '2025-05-29 22:02:39', '2025-05-29 22:02:39'),
(121, 19, 'M', 0, 0, NULL, '2025-05-29 22:02:39', '2025-05-29 22:02:39'),
(122, 19, 'L', 0, 0, NULL, '2025-05-29 22:02:39', '2025-05-29 22:02:39'),
(123, 19, 'XL', 0, 0, NULL, '2025-05-29 22:02:39', '2025-05-29 22:02:39'),
(124, 19, 'XXL', 0, 0, NULL, '2025-05-29 22:02:39', '2025-05-29 22:02:39'),
(125, 19, 'XXXL', 0, 0, NULL, '2025-05-29 22:02:39', '2025-05-29 22:02:39'),
(126, 19, 'XXXXL', 0, 0, NULL, '2025-05-29 22:02:39', '2025-05-29 22:02:39'),
(127, 20, 'S', 0, 0, NULL, '2025-05-29 22:04:06', '2025-05-29 22:04:06'),
(128, 20, 'M', 0, 0, NULL, '2025-05-29 22:04:06', '2025-05-29 22:04:06'),
(129, 20, 'L', 0, 0, NULL, '2025-05-29 22:04:06', '2025-05-29 22:04:06'),
(130, 20, 'XL', 0, 0, NULL, '2025-05-29 22:04:06', '2025-05-29 22:04:06'),
(131, 20, 'XXL', 0, 0, NULL, '2025-05-29 22:04:06', '2025-05-29 22:04:06'),
(132, 20, 'XXXL', 0, 0, NULL, '2025-05-29 22:04:06', '2025-05-29 22:04:06'),
(133, 20, 'XXXXL', 0, 0, NULL, '2025-05-29 22:04:06', '2025-05-29 22:04:06'),
(134, 21, 'S', 0, 0, NULL, '2025-05-29 22:09:26', '2025-05-29 22:09:26'),
(135, 21, 'M', 0, 0, NULL, '2025-05-29 22:09:26', '2025-05-29 22:09:26'),
(136, 21, 'L', 0, 0, NULL, '2025-05-29 22:09:26', '2025-05-29 22:09:26'),
(137, 21, 'XL', 0, 0, NULL, '2025-05-29 22:09:26', '2025-05-29 22:09:26'),
(138, 21, 'XXL', 0, 0, NULL, '2025-05-29 22:09:26', '2025-05-29 22:09:26'),
(139, 21, 'XXXL', 0, 0, NULL, '2025-05-29 22:09:26', '2025-05-29 22:09:26'),
(140, 21, 'XXXXL', 0, 0, NULL, '2025-05-29 22:09:26', '2025-05-29 22:09:26'),
(141, 22, 'S', 0, 0, NULL, '2025-05-29 22:10:46', '2025-05-29 22:10:46'),
(142, 22, 'M', 0, 0, NULL, '2025-05-29 22:10:46', '2025-05-29 22:10:46'),
(143, 22, 'L', 0, 0, NULL, '2025-05-29 22:10:46', '2025-05-29 22:10:46'),
(144, 22, 'XL', 0, 0, NULL, '2025-05-29 22:10:46', '2025-05-29 22:10:46'),
(145, 22, 'XXL', 0, 0, NULL, '2025-05-29 22:10:46', '2025-05-29 22:10:46'),
(146, 22, 'XXXL', 0, 0, NULL, '2025-05-29 22:10:46', '2025-05-29 22:10:46'),
(147, 22, 'XXXXL', 0, 0, NULL, '2025-05-29 22:10:46', '2025-05-29 22:10:46'),
(148, 23, 'S', 0, 0, NULL, '2025-05-29 22:11:51', '2025-05-29 22:11:51'),
(149, 23, 'M', 0, 0, NULL, '2025-05-29 22:11:51', '2025-05-29 22:11:51'),
(150, 23, 'L', 0, 0, NULL, '2025-05-29 22:11:51', '2025-05-29 22:11:51'),
(151, 23, 'XL', 0, 0, NULL, '2025-05-29 22:11:51', '2025-05-29 22:11:51'),
(152, 23, 'XXL', 0, 0, NULL, '2025-05-29 22:11:51', '2025-05-29 22:11:51'),
(153, 23, 'XXXL', 0, 0, NULL, '2025-05-29 22:11:51', '2025-05-29 22:11:51'),
(154, 23, 'XXXXL', 0, 0, NULL, '2025-05-29 22:11:51', '2025-05-29 22:11:51'),
(155, 24, 'S', 0, 0, NULL, '2025-05-29 22:14:34', '2025-05-29 22:14:34'),
(156, 24, 'M', 0, 0, NULL, '2025-05-29 22:14:34', '2025-05-29 22:14:34'),
(157, 24, 'L', 0, 0, NULL, '2025-05-29 22:14:34', '2025-05-29 22:14:34'),
(158, 24, 'XL', 0, 0, NULL, '2025-05-29 22:14:34', '2025-05-29 22:14:34'),
(159, 24, 'XXL', 0, 0, NULL, '2025-05-29 22:14:34', '2025-05-29 22:14:34'),
(160, 24, 'XXXL', 0, 0, NULL, '2025-05-29 22:14:34', '2025-05-29 22:14:34'),
(161, 24, 'XXXXL', 0, 0, NULL, '2025-05-29 22:14:34', '2025-05-29 22:14:34'),
(162, 25, 'S', 0, 0, NULL, '2025-05-29 22:17:51', '2025-05-29 22:17:51'),
(163, 25, 'M', 0, 0, NULL, '2025-05-29 22:17:51', '2025-05-29 22:17:51'),
(164, 25, 'L', 0, 0, NULL, '2025-05-29 22:17:51', '2025-05-29 22:17:51'),
(165, 25, 'XL', 0, 0, NULL, '2025-05-29 22:17:51', '2025-05-29 22:17:51'),
(166, 25, 'XXL', 0, 0, NULL, '2025-05-29 22:17:51', '2025-05-29 22:17:51'),
(167, 25, 'XXXL', 0, 0, NULL, '2025-05-29 22:17:51', '2025-05-29 22:17:51'),
(168, 25, 'XXXXL', 0, 0, NULL, '2025-05-29 22:17:51', '2025-05-29 22:17:51'),
(169, 26, 'S', 0, 0, NULL, '2025-05-29 22:21:59', '2025-05-29 22:21:59'),
(170, 26, 'M', 0, 0, NULL, '2025-05-29 22:21:59', '2025-05-29 22:21:59'),
(171, 26, 'L', 0, 0, NULL, '2025-05-29 22:21:59', '2025-05-29 22:21:59'),
(172, 26, 'XL', 0, 0, NULL, '2025-05-29 22:21:59', '2025-05-29 22:21:59'),
(173, 26, 'XXL', 0, 0, NULL, '2025-05-29 22:21:59', '2025-05-29 22:21:59'),
(174, 26, 'XXXL', 0, 0, NULL, '2025-05-29 22:21:59', '2025-05-29 22:21:59'),
(175, 26, 'XXXXL', 0, 0, NULL, '2025-05-29 22:21:59', '2025-05-29 22:21:59'),
(176, 27, 'S', 0, 0, NULL, '2025-05-29 22:28:05', '2025-05-29 22:28:05'),
(177, 27, 'M', 0, 0, NULL, '2025-05-29 22:28:05', '2025-05-29 22:28:05'),
(178, 27, 'L', 0, 0, NULL, '2025-05-29 22:28:05', '2025-05-29 22:28:05'),
(179, 27, 'XL', 0, 0, NULL, '2025-05-29 22:28:05', '2025-05-29 22:28:05'),
(180, 27, 'XXL', 0, 0, NULL, '2025-05-29 22:28:05', '2025-05-29 22:28:05'),
(181, 27, 'XXXL', 0, 0, NULL, '2025-05-29 22:28:05', '2025-05-29 22:28:05'),
(182, 27, 'XXXXL', 0, 0, NULL, '2025-05-29 22:28:05', '2025-05-29 22:28:05'),
(183, 28, 'S', 0, 0, NULL, '2025-05-29 22:41:56', '2025-05-29 22:41:56'),
(184, 28, 'M', 0, 0, NULL, '2025-05-29 22:41:56', '2025-05-29 22:41:56'),
(185, 28, 'L', 0, 0, NULL, '2025-05-29 22:41:56', '2025-05-29 22:41:56'),
(186, 28, 'XL', 0, 0, NULL, '2025-05-29 22:41:56', '2025-05-29 22:41:56'),
(187, 28, 'XXL', 0, 0, NULL, '2025-05-29 22:41:56', '2025-05-29 22:41:56'),
(188, 28, 'XXXL', 0, 0, NULL, '2025-05-29 22:41:56', '2025-05-29 22:41:56'),
(189, 28, 'XXXXL', 0, 0, NULL, '2025-05-29 22:41:56', '2025-05-29 22:41:56'),
(190, 29, 'S', 0, 0, NULL, '2025-05-29 22:43:20', '2025-05-29 22:43:20'),
(191, 29, 'M', 0, 0, NULL, '2025-05-29 22:43:20', '2025-05-29 22:43:20'),
(192, 29, 'L', 0, 0, NULL, '2025-05-29 22:43:20', '2025-05-29 22:43:20'),
(193, 29, 'XL', 0, 0, NULL, '2025-05-29 22:43:20', '2025-05-29 22:43:20'),
(194, 29, 'XXL', 0, 0, NULL, '2025-05-29 22:43:20', '2025-05-29 22:43:20'),
(195, 29, 'XXXL', 0, 0, NULL, '2025-05-29 22:43:20', '2025-05-29 22:43:20'),
(196, 29, 'XXXXL', 0, 0, NULL, '2025-05-29 22:43:20', '2025-05-29 22:43:20'),
(197, 30, 'S', 0, 0, NULL, '2025-05-29 22:54:47', '2025-05-29 22:54:47'),
(198, 30, 'M', 0, 0, NULL, '2025-05-29 22:54:47', '2025-05-29 22:54:47'),
(199, 30, 'L', 0, 0, NULL, '2025-05-29 22:54:47', '2025-05-29 22:54:47'),
(200, 30, 'XL', 0, 0, NULL, '2025-05-29 22:54:47', '2025-05-29 22:54:47'),
(201, 30, 'XXL', 0, 0, NULL, '2025-05-29 22:54:47', '2025-05-29 22:54:47'),
(202, 30, 'XXXL', 0, 0, NULL, '2025-05-29 22:54:47', '2025-05-29 22:54:47'),
(203, 30, 'XXXXL', 0, 0, NULL, '2025-05-29 22:54:47', '2025-05-29 22:54:47'),
(211, 3, 'S', 1, 65, NULL, '2025-05-29 22:59:15', '2025-06-18 18:09:16'),
(212, 3, 'M', 0, 65, NULL, '2025-05-29 22:59:15', '2025-06-03 23:46:54'),
(213, 3, 'L', 1, 65, NULL, '2025-05-29 22:59:15', '2025-06-04 01:16:47'),
(214, 3, 'XL', 0, 65, NULL, '2025-05-29 22:59:15', '2025-06-03 20:56:45'),
(215, 3, 'XXL', 2, 65, NULL, '2025-05-29 22:59:15', '2025-05-31 14:28:24'),
(216, 3, 'XXXL', 3, 65, 65, '2025-05-29 22:59:15', '2025-07-05 18:47:51'),
(217, 3, 'XXXXL', 2, 65, NULL, '2025-05-29 22:59:15', '2025-06-23 21:52:50'),
(218, 31, 'S', 3, 65, NULL, '2025-05-29 23:06:52', '2025-05-30 00:16:12'),
(219, 31, 'M', 3, 65, NULL, '2025-05-29 23:06:52', '2025-05-30 00:16:11'),
(220, 31, 'L', 1, 65, NULL, '2025-05-29 23:06:52', '2025-06-17 23:25:46'),
(221, 31, 'XL', 3, 65, 65, '2025-05-29 23:06:52', '2025-07-05 19:34:11'),
(222, 31, 'XXL', 2, 65, 65, '2025-05-29 23:06:52', '2025-07-05 18:47:51'),
(223, 31, 'XXXL', 3, 65, NULL, '2025-05-29 23:06:52', '2025-05-30 00:16:04'),
(224, 31, 'XXXXL', 2, 65, NULL, '2025-05-29 23:06:52', '2025-06-20 15:06:21'),
(225, 32, 'S', 3, 65, NULL, '2025-05-29 23:08:20', '2025-05-30 00:17:03'),
(226, 32, 'M', 2, 65, NULL, '2025-05-29 23:08:20', '2025-05-31 01:51:42'),
(227, 32, 'L', 3, 65, NULL, '2025-05-29 23:08:20', '2025-05-30 00:17:00'),
(228, 32, 'XL', 2, 65, NULL, '2025-05-29 23:08:20', '2025-06-20 01:42:25'),
(229, 32, 'XXL', 2, 65, NULL, '2025-05-29 23:08:20', '2025-05-30 00:16:19'),
(230, 32, 'XXXL', 2, 65, NULL, '2025-05-29 23:08:20', '2025-06-24 19:58:54'),
(231, 32, 'XXXXL', 2, 66, NULL, '2025-05-29 23:08:20', '2025-06-19 23:38:02'),
(232, 33, 'XL', 2, 60, NULL, '2025-05-29 23:10:41', '2025-06-16 02:23:38'),
(233, 33, 'XXL', 0, 60, NULL, '2025-05-29 23:10:41', '2025-06-28 01:23:54'),
(234, 33, 'XXXL', 3, 60, NULL, '2025-05-29 23:10:41', '2025-06-09 23:44:31'),
(235, 33, 'XXXXL', 1, 60, NULL, '2025-05-29 23:10:41', '2025-06-28 01:42:04'),
(236, 34, 'XL', 1, 65, NULL, '2025-05-29 23:12:35', '2025-06-24 19:50:52'),
(237, 34, 'XXL', 0, 65, NULL, '2025-05-29 23:12:35', '2025-06-18 02:40:48'),
(238, 34, 'XXXL', 0, 65, NULL, '2025-05-29 23:12:35', '2025-06-25 01:47:34'),
(239, 34, 'XXXXL', 0, 65, NULL, '2025-05-29 23:12:35', '2025-06-11 23:24:30'),
(240, 35, 'XL', 0, 60, NULL, '2025-05-29 23:14:41', '2025-06-04 02:22:32'),
(241, 35, 'XXL', 0, 60, NULL, '2025-05-29 23:14:41', '2025-06-14 01:53:46'),
(242, 35, 'XXXL', 2, 60, NULL, '2025-05-29 23:14:41', '2025-06-24 19:58:54'),
(243, 35, 'XXXXL', 2, 60, NULL, '2025-05-29 23:14:41', '2025-06-30 01:51:47'),
(244, 36, 'S', 4, 60, NULL, '2025-05-29 23:22:44', '2025-06-28 01:12:04'),
(245, 36, 'M', 3, 60, NULL, '2025-05-29 23:22:44', '2025-07-02 00:27:25'),
(246, 36, 'L', 1, 60, NULL, '2025-05-29 23:22:44', '2025-07-01 00:18:56'),
(247, 36, 'XL', 1, 60, NULL, '2025-05-29 23:22:44', '2025-07-02 01:43:01'),
(248, 36, 'XXL', 4, 60, NULL, '2025-05-29 23:22:44', '2025-06-25 00:50:07'),
(249, 36, 'XXXL', 5, 60, NULL, '2025-05-29 23:22:44', '2025-06-14 00:58:49'),
(250, 37, 'M', 1, 50, NULL, '2025-05-29 23:26:05', '2025-06-20 00:46:04'),
(251, 37, 'L', 0, 50, NULL, '2025-05-29 23:26:05', '2025-06-23 22:14:11'),
(252, 37, 'XL', 0, 50, NULL, '2025-05-29 23:26:05', '2025-06-20 00:46:18'),
(253, 37, 'XXL', 0, 50, NULL, '2025-05-29 23:26:05', '2025-06-20 00:55:06'),
(254, 38, 'L', 2, 60, NULL, '2025-05-29 23:29:23', '2025-06-20 00:47:54'),
(255, 38, 'XL', 0, 60, NULL, '2025-05-29 23:29:23', '2025-06-16 03:33:39'),
(256, 38, 'XXL', 2, 60, NULL, '2025-05-29 23:29:23', '2025-06-24 19:50:52'),
(257, 38, 'XXXL', 0, 60, NULL, '2025-05-29 23:29:23', '2025-06-18 01:32:13'),
(258, 39, 'L', 0, 60, NULL, '2025-05-29 23:35:44', '2025-06-16 03:10:43'),
(259, 39, 'XL', 0, 60, NULL, '2025-05-29 23:35:44', '2025-06-16 03:28:26'),
(260, 39, 'XXL', 0, 60, NULL, '2025-05-29 23:35:44', '2025-06-22 02:10:30'),
(261, 39, 'XXXL', 1, 60, NULL, '2025-05-29 23:35:44', '2025-06-25 01:15:16'),
(262, 40, 'M', 6, 65, NULL, '2025-05-29 23:47:55', '2025-06-15 01:09:10'),
(263, 40, 'L', 4, 65, NULL, '2025-05-29 23:47:55', '2025-06-15 02:17:29'),
(264, 40, 'XL', 5, 65, NULL, '2025-05-29 23:47:55', '2025-06-13 21:06:04'),
(265, 40, 'XXL', 6, 65, NULL, '2025-05-29 23:47:55', '2025-06-11 23:21:00'),
(266, 41, 'L', 3, 60, NULL, '2025-05-29 23:52:54', '2025-05-30 00:14:43'),
(267, 41, 'XL', 2, 60, NULL, '2025-05-29 23:52:54', '2025-07-02 01:59:52'),
(268, 41, 'XXL', 1, 60, NULL, '2025-05-29 23:52:54', '2025-07-02 02:01:44'),
(269, 41, 'XXXL', 2, 60, NULL, '2025-05-29 23:52:54', '2025-07-02 01:59:56'),
(270, 42, 'XL', 3, 60, NULL, '2025-05-30 00:01:22', '2025-05-30 00:14:34'),
(271, 42, 'XXL', 2, 60, NULL, '2025-05-30 00:01:22', '2025-06-16 02:35:22'),
(272, 42, 'XXXL', 3, 60, NULL, '2025-05-30 00:01:22', '2025-05-30 00:14:36'),
(273, 42, 'XXXXL', 3, 60, NULL, '2025-05-30 00:01:22', '2025-05-30 00:14:38'),
(274, 43, 'L', 2, 60, NULL, '2025-05-30 00:03:57', '2025-06-26 16:36:53'),
(275, 43, 'XL', 4, 60, NULL, '2025-05-30 00:03:57', '2025-06-26 16:22:43'),
(276, 43, 'XXL', 0, 60, NULL, '2025-05-30 00:03:57', '2025-06-27 00:41:18'),
(277, 43, 'XXXL', 1, 60, NULL, '2025-05-30 00:03:57', '2025-06-28 01:53:33'),
(278, 44, 'L', 2, 60, NULL, '2025-05-30 00:05:56', '2025-06-25 01:34:41'),
(279, 44, 'XL', 0, 60, NULL, '2025-05-30 00:05:56', '2025-06-24 23:25:27'),
(280, 44, 'XXL', 0, 60, NULL, '2025-05-30 00:05:56', '2025-06-25 01:39:03'),
(281, 44, 'XXXL', 1, 60, NULL, '2025-05-30 00:05:56', '2025-06-24 19:40:54'),
(282, 45, 'S', 1, 60, NULL, '2025-05-30 00:44:51', '2025-07-02 01:01:41'),
(283, 45, 'M', 2, 60, NULL, '2025-05-30 00:44:51', '2025-07-01 00:09:51'),
(284, 45, 'L', 2, 60, NULL, '2025-05-30 00:44:51', '2025-07-01 00:14:14'),
(285, 45, 'XL', 2, 60, NULL, '2025-05-30 00:44:51', '2025-07-01 00:09:53'),
(286, 45, 'XXL', 2, 60, NULL, '2025-05-30 00:44:51', '2025-07-01 00:09:56'),
(287, 45, 'XXXL', 3, 60, NULL, '2025-05-30 00:44:51', '2025-06-15 01:57:26'),
(288, 46, 'S', 1, 65, NULL, '2025-05-30 01:01:26', '2025-06-12 00:55:00'),
(289, 46, 'M', 0, 65, NULL, '2025-05-30 01:01:26', '2025-06-05 02:36:18'),
(290, 46, 'L', 1, 65, NULL, '2025-05-30 01:01:26', '2025-06-04 23:44:45'),
(291, 46, 'XL', 0, 65, NULL, '2025-05-30 01:01:26', '2025-05-31 00:25:32'),
(292, 46, 'XXL', 1, 65, NULL, '2025-05-30 01:01:26', '2025-06-05 03:54:45'),
(293, 46, 'XXXL', 2, 65, NULL, '2025-05-30 01:01:26', '2025-05-30 23:31:43'),
(294, 47, 'XL', 1, 60, NULL, '2025-05-30 01:36:34', '2025-05-30 01:36:34'),
(295, 47, 'XXL', 1, 60, NULL, '2025-05-30 01:36:34', '2025-05-30 01:36:34'),
(296, 47, 'XXXL', 0, 60, NULL, '2025-05-30 01:36:34', '2025-05-30 01:41:13'),
(297, 47, 'XXXXL', 0, 60, NULL, '2025-05-30 01:36:34', '2025-06-04 01:46:05'),
(298, 48, 'S', 4, 65, NULL, '2025-05-30 01:37:52', '2025-06-11 20:33:37'),
(299, 48, 'M', 5, 65, NULL, '2025-05-30 01:37:52', '2025-06-11 20:33:44'),
(300, 48, 'L', 4, 65, NULL, '2025-05-30 01:37:52', '2025-06-11 20:33:45'),
(301, 48, 'XL', 1, 65, NULL, '2025-05-30 01:37:52', '2025-06-11 20:33:58'),
(302, 48, 'XXL', 0, 65, NULL, '2025-05-30 01:37:52', '2025-06-23 22:20:31'),
(303, 48, 'XXXL', 4, 65, NULL, '2025-05-30 01:37:52', '2025-06-24 23:10:03'),
(304, 49, 'XL', 4, 60, NULL, '2025-05-30 02:23:50', '2025-06-11 20:33:09'),
(305, 49, 'XXL', 5, 60, NULL, '2025-05-30 02:23:50', '2025-06-14 01:27:11'),
(306, 49, 'XXXL', 4, 60, NULL, '2025-05-30 02:23:50', '2025-06-24 19:50:52'),
(307, 49, 'XXXXL', 5, 60, NULL, '2025-05-30 02:23:50', '2025-06-11 20:33:22'),
(308, 50, 'S', 1, 60, NULL, '2025-05-30 16:37:38', '2025-06-28 23:20:20'),
(309, 50, 'M', 3, 60, NULL, '2025-05-30 16:37:38', '2025-06-05 03:42:48'),
(310, 50, 'L', 0, 60, NULL, '2025-05-30 16:37:38', '2025-06-28 22:53:19'),
(311, 50, 'XL', 1, 60, NULL, '2025-05-30 16:37:38', '2025-06-23 20:18:44'),
(312, 50, 'XXL', 0, 60, NULL, '2025-05-30 16:37:38', '2025-06-23 23:48:28'),
(313, 50, 'XXXL', 0, 60, NULL, '2025-05-30 16:37:38', '2025-07-01 00:59:26'),
(314, 51, 'xL', 1, 60, NULL, '2025-05-31 01:11:37', '2025-06-23 21:45:41'),
(315, 51, 'xxL', 3, 60, NULL, '2025-05-31 01:11:37', '2025-06-20 01:36:02'),
(316, 51, 'xxxL', 1, 60, NULL, '2025-05-31 01:11:37', '2025-06-20 01:35:53'),
(317, 51, 'xxxxL', 6, 60, NULL, '2025-05-31 01:11:37', '2025-06-20 01:35:48'),
(318, 52, 'A', 0, 0, NULL, '2025-06-01 01:38:54', '2025-06-25 01:44:39'),
(319, 53, 's', 2, 65, NULL, '2025-06-11 23:35:02', '2025-06-28 18:28:49'),
(320, 53, 'm', 0, 65, NULL, '2025-06-11 23:35:02', '2025-06-22 02:24:35'),
(321, 53, 'L', 1, 65, NULL, '2025-06-11 23:35:02', '2025-06-30 02:07:47'),
(322, 53, 'xL', 3, 65, NULL, '2025-06-11 23:35:02', '2025-06-11 23:35:02'),
(323, 53, 'xxL', 3, 65, NULL, '2025-06-11 23:35:02', '2025-06-11 23:35:02'),
(324, 53, 'xxxL', 3, 65, NULL, '2025-06-11 23:35:02', '2025-06-11 23:35:02'),
(325, 54, 's', 2, 65, NULL, '2025-06-11 23:42:35', '2025-06-11 23:42:35'),
(326, 54, 'm', 2, 65, NULL, '2025-06-11 23:42:35', '2025-06-11 23:42:35'),
(327, 54, 'L', 1, -65, NULL, '2025-06-11 23:42:35', '2025-06-28 00:45:42'),
(328, 54, 'xL', 1, 65, NULL, '2025-06-11 23:42:35', '2025-06-11 23:57:04'),
(329, 54, 'xxL', 2, 65, NULL, '2025-06-11 23:42:35', '2025-06-24 19:58:54'),
(330, 54, 'xxxL', 1, 65, NULL, '2025-06-11 23:42:35', '2025-06-26 16:30:01'),
(331, 55, 'L', 6, 65, NULL, '2025-06-13 00:17:12', '2025-06-13 00:17:12'),
(332, 55, 'xL', 5, 65, NULL, '2025-06-13 00:17:12', '2025-06-18 00:16:44'),
(333, 55, 'xxL', 4, 65, NULL, '2025-06-13 00:17:12', '2025-06-13 03:02:08'),
(334, 55, 'xxxL', 6, 65, NULL, '2025-06-13 00:17:12', '2025-06-13 00:17:12'),
(335, 56, 'xL', 0, 65, NULL, '2025-06-13 01:39:10', '2025-06-28 23:06:24'),
(336, 56, 'xxL', 0, 65, NULL, '2025-06-13 01:39:10', '2025-07-01 03:00:13'),
(337, 56, 'xxxL', 0, 65, NULL, '2025-06-13 01:39:10', '2025-07-01 01:38:05'),
(338, 56, 'xxxxL', 2, 65, NULL, '2025-06-13 01:39:10', '2025-07-02 01:20:51'),
(339, 57, 'L', 5, 65, NULL, '2025-06-13 01:42:45', '2025-06-13 01:42:45'),
(340, 57, 'xL', 0, 65, NULL, '2025-06-13 01:42:45', '2025-06-29 18:49:22'),
(341, 57, 'xxL', 2, 65, NULL, '2025-06-13 01:42:45', '2025-07-02 01:12:30'),
(342, 57, 'xxxL', 5, 65, NULL, '2025-06-13 01:42:45', '2025-06-13 01:42:45'),
(343, 58, 'xl', 1, 65, NULL, '2025-06-14 01:14:24', '2025-07-01 02:05:50'),
(344, 58, 'xxl', 1, 65, NULL, '2025-06-14 01:14:24', '2025-06-24 21:19:16'),
(345, 58, 'xxxl', 1, 65, NULL, '2025-06-14 01:14:24', '2025-06-24 19:50:52'),
(346, 58, 'xxxxl', 0, 65, NULL, '2025-06-14 01:14:24', '2025-06-24 01:37:18'),
(347, 59, 's', 0, 65, NULL, '2025-06-15 01:05:50', '2025-06-28 22:47:12'),
(348, 59, 'm', 3, 65, NULL, '2025-06-15 01:05:50', '2025-06-15 01:05:50'),
(349, 59, 'L', 1, 65, NULL, '2025-06-15 01:05:50', '2025-07-01 00:31:22'),
(350, 59, 'xL', 3, 65, NULL, '2025-06-15 01:05:50', '2025-06-23 19:42:53'),
(351, 59, 'xxL', 0, 65, NULL, '2025-06-15 01:05:50', '2025-07-02 03:06:24'),
(352, 59, 'xxxL', 3, 65, NULL, '2025-06-15 01:05:50', '2025-06-15 01:05:50'),
(353, 60, 's', 3, 65, NULL, '2025-06-15 01:33:06', '2025-07-02 02:12:44'),
(354, 60, 'm', 3, 65, NULL, '2025-06-15 01:33:06', '2025-06-30 23:35:39'),
(355, 60, 'L', 2, 65, NULL, '2025-06-15 01:33:06', '2025-07-02 02:39:54'),
(356, 60, 'xL', 2, 65, NULL, '2025-06-15 01:33:06', '2025-07-02 02:16:41'),
(357, 60, 'xxL', 3, 65, NULL, '2025-06-15 01:33:06', '2025-07-02 02:12:49'),
(358, 60, 'xxxL', 1, 65, NULL, '2025-06-15 01:33:06', '2025-07-02 01:56:45'),
(359, 61, 'xL', 3, 65, NULL, '2025-06-15 01:45:46', '2025-06-15 01:45:46'),
(360, 61, 'xxL', 3, 65, NULL, '2025-06-15 01:45:46', '2025-06-15 01:45:46'),
(361, 61, 'xxxL', 3, 65, NULL, '2025-06-15 01:45:46', '2025-06-15 01:45:46'),
(362, 61, 'xxxxL', 2, 65, NULL, '2025-06-15 01:45:46', '2025-06-15 01:47:55'),
(363, 62, 'xL', 1, 65, NULL, '2025-06-16 02:09:30', '2025-07-02 02:51:11'),
(364, 62, 'xxL', 0, 65, NULL, '2025-06-16 02:09:30', '2025-06-29 00:08:03'),
(365, 62, 'xxxL', 0, 65, NULL, '2025-06-16 02:09:30', '2025-06-29 15:47:59'),
(366, 62, 'xxxxL', 0, 65, NULL, '2025-06-16 02:09:30', '2025-07-02 00:23:30'),
(367, 63, 'L', 2, 65, NULL, '2025-06-16 02:17:19', '2025-06-28 02:53:57'),
(368, 63, 'xL', 3, 65, NULL, '2025-06-16 02:17:19', '2025-06-16 02:17:19'),
(369, 63, 'xxL', 3, 65, NULL, '2025-06-16 02:17:19', '2025-06-16 02:17:19'),
(370, 63, 'xxxL', 3, 65, NULL, '2025-06-16 02:17:19', '2025-06-16 02:17:19'),
(371, 64, 'L', 0, 65, NULL, '2025-06-16 02:21:12', '2025-06-27 00:52:00'),
(372, 64, 'xL', 0, 65, NULL, '2025-06-16 02:21:12', '2025-06-30 23:38:28'),
(373, 64, 'xxL', 0, 65, NULL, '2025-06-16 02:21:12', '2025-06-28 01:00:17'),
(374, 64, 'xxxL', 0, 65, NULL, '2025-06-16 02:21:12', '2025-07-02 02:53:28'),
(375, 65, 'L', 2, 65, NULL, '2025-06-17 23:21:05', '2025-06-18 00:04:26'),
(376, 65, 'xL', 3, 65, NULL, '2025-06-17 23:21:05', '2025-06-17 23:21:05'),
(377, 65, 'xxL', 3, 65, NULL, '2025-06-17 23:21:05', '2025-06-17 23:21:05'),
(378, 65, 'xxxL', 3, 65, NULL, '2025-06-17 23:21:05', '2025-06-17 23:21:05'),
(379, 66, 'L', 3, 65, NULL, '2025-06-17 23:30:42', '2025-06-17 23:30:42'),
(380, 66, 'xL', 3, 65, NULL, '2025-06-17 23:30:42', '2025-06-17 23:30:42'),
(381, 66, 'xxL', 3, 65, NULL, '2025-06-17 23:30:42', '2025-06-17 23:30:42'),
(382, 66, 'xxxL', 3, 65, NULL, '2025-06-17 23:30:42', '2025-06-17 23:30:42'),
(383, 67, 'L', 2, 65, NULL, '2025-06-18 02:44:50', '2025-07-02 01:07:54'),
(384, 67, 'xL', 2, 65, NULL, '2025-06-18 02:44:50', '2025-06-30 23:38:14'),
(385, 67, 'xxL', 2, 65, NULL, '2025-06-18 02:44:50', '2025-06-30 23:38:12'),
(386, 67, 'xxxL', 2, 65, NULL, '2025-06-18 02:44:50', '2025-06-30 23:38:16'),
(387, 68, 'L', 3, 65, NULL, '2025-06-18 02:49:41', '2025-06-18 02:49:41'),
(388, 68, 'xL', 2, 65, NULL, '2025-06-18 02:49:41', '2025-06-30 23:38:07'),
(389, 68, 'xxL', 2, 65, NULL, '2025-06-18 02:49:41', '2025-06-30 23:38:06'),
(390, 68, 'xxxL', 3, -165, NULL, '2025-06-18 02:49:41', '2025-06-18 02:49:41'),
(391, 69, 's', 2, 65, NULL, '2025-06-20 01:14:08', '2025-06-22 02:50:16'),
(392, 69, 'm', 2, 65, NULL, '2025-06-20 01:14:08', '2025-06-23 19:29:35'),
(393, 69, 'L', 2, 65, NULL, '2025-06-20 01:14:08', '2025-06-23 23:54:00'),
(394, 69, 'xL', 2, 65, NULL, '2025-06-20 01:14:08', '2025-06-30 23:37:58'),
(395, 69, 'xxL', 1, 65, NULL, '2025-06-20 01:14:08', '2025-07-01 01:02:35'),
(396, 69, 'xxxL', 1, 65, NULL, '2025-06-20 01:14:08', '2025-07-01 00:55:43'),
(397, 70, 's', 3, 65, NULL, '2025-06-22 00:03:44', '2025-06-22 00:03:44'),
(398, 70, 'm', 3, 65, NULL, '2025-06-22 00:03:44', '2025-06-30 23:37:51'),
(399, 70, 'L', 3, 65, NULL, '2025-06-22 00:03:44', '2025-06-22 00:03:44'),
(400, 70, 'xL', 3, 65, NULL, '2025-06-22 00:03:44', '2025-06-30 23:37:54'),
(401, 70, 'xxL', 3, 65, NULL, '2025-06-22 00:03:44', '2025-06-22 00:03:44'),
(402, 70, 'xxxL', 3, 65, NULL, '2025-06-22 00:03:44', '2025-06-22 00:03:44'),
(403, 71, 'L', 2, 65, NULL, '2025-06-23 21:24:26', '2025-06-23 21:24:26'),
(404, 71, 'xL', 2, 65, NULL, '2025-06-23 21:24:26', '2025-06-30 23:37:46'),
(405, 71, 'xxL', 2, 65, NULL, '2025-06-23 21:24:26', '2025-06-23 21:24:26'),
(406, 71, 'xxxL', 2, 65, NULL, '2025-06-23 21:24:26', '2025-06-23 21:24:26'),
(407, 72, 'L', 2, 65, NULL, '2025-06-23 22:07:09', '2025-06-23 22:07:09'),
(408, 72, 'xL', 2, 65, NULL, '2025-06-23 22:07:09', '2025-06-30 23:37:26'),
(409, 72, 'xxL', 2, 65, NULL, '2025-06-23 22:07:09', '2025-06-30 23:37:25'),
(410, 72, 'xxxL', 2, 65, NULL, '2025-06-23 22:07:09', '2025-06-23 22:07:09'),
(411, 73, 'L', 3, 65, NULL, '2025-06-24 23:18:51', '2025-06-30 23:37:11'),
(412, 73, 'xL', 3, 65, NULL, '2025-06-24 23:18:51', '2025-06-30 23:37:10'),
(413, 73, 'xxL', 3, 65, NULL, '2025-06-24 23:18:51', '2025-06-30 23:37:09'),
(414, 73, 'xxxL', 3, 65, NULL, '2025-06-24 23:18:51', '2025-06-30 23:37:12'),
(415, 74, 'xl', 2, 65, NULL, '2025-06-29 00:13:24', '2025-07-02 02:30:31'),
(416, 74, 'xxl', 1, 65, NULL, '2025-06-29 00:13:24', '2025-07-01 00:41:20'),
(417, 74, 'xxxl', 2, 65, NULL, '2025-06-29 00:13:24', '2025-06-30 23:59:50'),
(418, 74, 'xxxxl', 3, 65, NULL, '2025-06-29 00:13:24', '2025-06-30 23:37:02'),
(419, 75, 'l', 3, 65, NULL, '2025-06-29 00:16:47', '2025-06-30 23:36:44'),
(420, 75, 'xl', 2, 65, NULL, '2025-06-29 00:16:47', '2025-07-02 01:18:18'),
(421, 75, 'xxl', 2, 65, NULL, '2025-06-29 00:16:47', '2025-07-02 01:27:14'),
(422, 75, 'xxxl', 3, 65, NULL, '2025-06-29 00:16:47', '2025-06-30 23:36:49'),
(423, 76, 'l', 3, 65, NULL, '2025-06-29 00:18:15', '2025-06-30 23:36:29'),
(424, 76, 'xl', 3, 65, NULL, '2025-06-29 00:18:15', '2025-06-30 23:36:32'),
(425, 76, 'xxl', 3, 65, NULL, '2025-06-29 00:18:15', '2025-06-30 23:36:34'),
(426, 76, 'xxxl', 3, 65, NULL, '2025-06-29 00:18:15', '2025-06-30 23:36:38'),
(427, 77, 'L', 0, 65, NULL, '2025-06-29 00:29:52', '2025-07-01 00:23:25'),
(428, 77, 'xL', 3, 65, NULL, '2025-06-29 00:29:52', '2025-06-29 00:29:52'),
(429, 77, 'xxL', 3, 65, NULL, '2025-06-29 00:29:52', '2025-06-30 23:36:23'),
(430, 77, 'xxxL', 3, 65, NULL, '2025-06-29 00:29:52', '2025-06-29 00:29:52'),
(431, 78, 'L', 3, 65, NULL, '2025-06-29 02:18:48', '2025-06-29 02:18:48'),
(432, 78, 'xL', 1, 65, NULL, '2025-06-29 02:18:48', '2025-07-02 02:48:16'),
(433, 78, 'xxL', 3, 65, NULL, '2025-06-29 02:18:48', '2025-06-29 02:18:48'),
(434, 78, 'xxxL', 3, 65, NULL, '2025-06-29 02:18:48', '2025-06-29 02:18:48'),
(435, 79, 's', 3, 65, NULL, '2025-06-30 01:33:38', '2025-06-30 01:33:38'),
(436, 79, 'm', 3, 65, NULL, '2025-06-30 01:33:38', '2025-06-30 01:33:38'),
(437, 79, 'L', 3, 65, NULL, '2025-06-30 01:33:38', '2025-06-30 01:33:38'),
(438, 79, 'xL', 3, 65, NULL, '2025-06-30 01:33:38', '2025-06-30 01:33:38'),
(439, 79, 'xxL', 3, 65, NULL, '2025-06-30 01:33:38', '2025-06-30 01:33:38'),
(440, 79, 'xxxL', 1, 65, NULL, '2025-06-30 01:33:38', '2025-07-01 00:38:06'),
(441, 80, 's', 3, 65, NULL, '2025-06-30 01:36:20', '2025-06-30 01:36:20'),
(442, 80, 'm', 3, 65, NULL, '2025-06-30 01:36:20', '2025-06-30 01:36:20'),
(443, 80, 'L', 3, 65, NULL, '2025-06-30 01:36:20', '2025-06-30 01:36:20'),
(444, 80, 'xL', 3, 65, NULL, '2025-06-30 01:36:20', '2025-06-30 01:36:20'),
(445, 80, 'xxL', 3, 65, NULL, '2025-06-30 01:36:20', '2025-06-30 01:36:20'),
(446, 80, 'xxxL', 3, 65, NULL, '2025-06-30 01:36:20', '2025-06-30 01:36:20'),
(447, 81, 'L', 3, 65, NULL, '2025-06-30 02:19:48', '2025-07-02 02:59:42'),
(448, 81, 'xL', 2, 65, NULL, '2025-06-30 02:19:48', '2025-07-02 01:23:31'),
(449, 81, 'xxL', 3, 65, NULL, '2025-06-30 02:19:48', '2025-06-30 02:19:48'),
(450, 81, 'xxxL', 2, 65, NULL, '2025-06-30 02:19:48', '2025-07-01 00:52:05'),
(451, 82, 's', 3, 65, NULL, '2025-07-01 01:07:44', '2025-07-01 01:07:44'),
(452, 82, 'm', 3, 65, NULL, '2025-07-01 01:07:44', '2025-07-01 01:07:44'),
(453, 82, 'L', 3, 65, NULL, '2025-07-01 01:07:44', '2025-07-01 01:07:44'),
(454, 82, 'xL', 3, 65, NULL, '2025-07-01 01:07:44', '2025-07-01 01:07:44'),
(455, 82, 'xxL', 3, 65, NULL, '2025-07-01 01:07:44', '2025-07-01 01:07:44'),
(456, 82, 'xxxL', 3, 65, NULL, '2025-07-01 01:07:44', '2025-07-01 01:14:11'),
(457, 83, 's', 3, 65, NULL, '2025-07-01 02:24:41', '2025-07-01 02:24:41'),
(458, 83, 'm', 1, 65, NULL, '2025-07-01 02:24:41', '2025-07-02 03:02:49'),
(459, 83, 'L', 3, 65, NULL, '2025-07-01 02:24:41', '2025-07-01 02:24:41'),
(460, 83, 'xL', 3, 65, NULL, '2025-07-01 02:24:41', '2025-07-01 02:24:41'),
(461, 83, 'xxL', 3, 65, NULL, '2025-07-01 02:24:41', '2025-07-01 02:24:41'),
(462, 83, 'xxxL', 3, 65, NULL, '2025-07-01 02:24:41', '2025-07-01 02:24:41'),
(463, 84, 'xL', 2, 65, NULL, '2025-07-02 02:25:46', '2025-07-02 02:28:12'),
(464, 84, 'xxL', 3, 65, NULL, '2025-07-02 02:25:46', '2025-07-02 02:25:46'),
(465, 84, 'xxxL', 3, 65, NULL, '2025-07-02 02:25:46', '2025-07-02 02:25:46'),
(466, 84, 'xxxxL', 3, 65, NULL, '2025-07-02 02:25:46', '2025-07-02 02:25:46'),
(467, 85, 's', 3, 65, NULL, '2025-07-02 02:42:08', '2025-07-02 02:42:08'),
(468, 85, 'm', 3, 65, NULL, '2025-07-02 02:42:08', '2025-07-02 02:42:08'),
(469, 85, 'L', 2, 65, NULL, '2025-07-02 02:42:08', '2025-07-02 02:45:46'),
(470, 85, 'xL', 2, 65, NULL, '2025-07-02 02:42:08', '2025-07-02 02:42:08'),
(471, 85, 'xxL', 2, 65, NULL, '2025-07-02 02:42:08', '2025-07-02 02:42:08'),
(472, 85, 'xxxL', 2, 65, NULL, '2025-07-02 02:42:08', '2025-07-02 02:42:08');

-- --------------------------------------------------------

--
-- Table structure for table `purchase_invoices`
--

CREATE TABLE `purchase_invoices` (
  `id` bigint(20) UNSIGNED NOT NULL,
  `supplier_id` bigint(20) UNSIGNED NOT NULL,
  `note` text DEFAULT NULL,
  `products` longtext CHARACTER SET utf8mb4 COLLATE utf8mb4_bin NOT NULL CHECK (json_valid(`products`)),
  `total_price` decimal(15,2) NOT NULL DEFAULT 0.00,
  `payment_status` varchar(255) NOT NULL DEFAULT 'pending',
  `order_status` varchar(255) NOT NULL DEFAULT 'draft',
  `created_at` timestamp NULL DEFAULT NULL,
  `updated_at` timestamp NULL DEFAULT NULL
) ENGINE=InnoDB DEFAULT CHARSET=utf8mb4 COLLATE=utf8mb4_unicode_ci;

--
-- Dumping data for table `purchase_invoices`
--

INSERT INTO `purchase_invoices` (`id`, `supplier_id`, `note`, `products`, `total_price`, `payment_status`, `order_status`, `created_at`, `updated_at`) VALUES
(4, 2, NULL, '[{\"product_id\":31,\"product_name\":\"\\u0641\\u0642\\u0633\\u0647 \\u0631\\u0635\\u0627\\u0635\\u064a\",\"variant_id\":221,\"variant_name\":\"XL\",\"qnt\":1,\"unit_price\":65,\"total_price\":65}]', 65.00, 'paid', 'cancelled', '2025-07-03 13:49:42', '2025-07-05 15:55:49'),
(5, 2, 'asd', '[{\"product_id\":31,\"product_name\":\"\\u0641\\u0642\\u0633\\u0647 \\u0631\\u0635\\u0627\\u0635\\u064a\",\"variant_id\":221,\"variant_name\":\"XL\",\"qnt\":1,\"unit_price\":100,\"average_price\":100,\"total_price\":100}]', 100.00, 'paid', 'confirmed', '2025-07-05 17:53:53', '2025-07-05 17:53:53'),
(6, 2, NULL, '[{\"product_id\":3,\"product_name\":\"\\u0641\\u0642\\u0633\\u0647 \\u0642\\u0647\\u0648\\u0627\\u0626\\u064a\",\"variant_id\":215,\"variant_name\":\"XXL\",\"qnt\":1,\"unit_price\":65,\"average_price\":65,\"total_price\":65},{\"product_id\":3,\"product_name\":\"\\u0641\\u0642\\u0633\\u0647 \\u0642\\u0647\\u0648\\u0627\\u0626\\u064a\",\"variant_id\":217,\"variant_name\":\"XXXXL\",\"qnt\":1,\"unit_price\":65,\"average_price\":65,\"total_price\":65}]', 130.00, 'paid', 'cancelled', '2025-07-05 18:34:40', '2025-07-05 18:34:40'),
(7, 2, 'asd', '[{\"product_id\":31,\"product_name\":\"\\u0641\\u0642\\u0633\\u0647 \\u0631\\u0635\\u0627\\u0635\\u064a\",\"variant_id\":222,\"variant_name\":\"XXL\",\"qnt\":1,\"unit_price\":65,\"average_price\":65,\"total_price\":65},{\"product_id\":3,\"product_name\":\"\\u0641\\u0642\\u0633\\u0647 \\u0642\\u0647\\u0648\\u0627\\u0626\\u064a\",\"variant_id\":216,\"variant_name\":\"XXXL\",\"qnt\":1,\"unit_price\":65,\"average_price\":65,\"total_price\":65}]', 130.00, 'paid', 'confirmed', '2025-07-05 18:47:51', '2025-07-05 18:47:51'),
(8, 2, NULL, '[{\"product_id\":31,\"product_name\":\"\\u0641\\u0642\\u0633\\u0647 \\u0631\\u0635\\u0627\\u0635\\u064a\",\"variant_id\":221,\"variant_name\":\"XL\",\"qnt\":1,\"unit_price\":65,\"average_price\":65,\"total_price\":65}]', 65.00, 'partial', 'cancelled', '2025-07-05 19:34:11', '2025-07-05 19:34:11');

-- --------------------------------------------------------

--
-- Table structure for table `purchase_payments`
--

CREATE TABLE `purchase_payments` (
  `id` bigint(20) UNSIGNED NOT NULL,
  `invoice_id` bigint(20) UNSIGNED NOT NULL,
  `amount` decimal(15,2) NOT NULL,
  `remarks` varchar(255) DEFAULT NULL,
  `created_at` timestamp NULL DEFAULT NULL,
  `updated_at` timestamp NULL DEFAULT NULL
) ENGINE=InnoDB DEFAULT CHARSET=utf8mb4 COLLATE=utf8mb4_unicode_ci;

--
-- Dumping data for table `purchase_payments`
--

INSERT INTO `purchase_payments` (`id`, `invoice_id`, `amount`, `remarks`, `created_at`, `updated_at`) VALUES
(1, 4, 50.00, 'Hello', '2025-07-05 15:55:30', '2025-07-05 15:55:30'),
(2, 4, 15.00, '100', '2025-07-05 15:55:49', '2025-07-05 15:55:49');

-- --------------------------------------------------------

--
-- Table structure for table `roles`
--

CREATE TABLE `roles` (
  `id` bigint(20) UNSIGNED NOT NULL,
  `name` varchar(255) NOT NULL,
  `guard_name` varchar(255) NOT NULL,
  `created_at` timestamp NULL DEFAULT NULL,
  `updated_at` timestamp NULL DEFAULT NULL
) ENGINE=InnoDB DEFAULT CHARSET=utf8mb4 COLLATE=utf8mb4_unicode_ci;

--
-- Dumping data for table `roles`
--

INSERT INTO `roles` (`id`, `name`, `guard_name`, `created_at`, `updated_at`) VALUES
(1, 'Super Admin', 'web', '2022-12-24 11:34:04', '2022-12-24 11:34:04');

-- --------------------------------------------------------

--
-- Table structure for table `role_has_permissions`
--

CREATE TABLE `role_has_permissions` (
  `permission_id` bigint(20) UNSIGNED NOT NULL,
  `role_id` bigint(20) UNSIGNED NOT NULL
) ENGINE=InnoDB DEFAULT CHARSET=utf8mb4 COLLATE=utf8mb4_unicode_ci;

-- --------------------------------------------------------

--
-- Table structure for table `shippings`
--

CREATE TABLE `shippings` (
  `id` bigint(20) UNSIGNED NOT NULL,
  `name` varchar(255) NOT NULL,
  `address` text DEFAULT NULL,
  `created_at` timestamp NULL DEFAULT NULL,
  `updated_at` timestamp NULL DEFAULT NULL
) ENGINE=InnoDB DEFAULT CHARSET=utf8mb4 COLLATE=utf8mb4_unicode_ci;

--
-- Dumping data for table `shippings`
--

INSERT INTO `shippings` (`id`, `name`, `address`, `created_at`, `updated_at`) VALUES
(2, 'وئام بغداد', NULL, '2025-05-09 21:02:19', '2025-05-09 21:02:19');

-- --------------------------------------------------------

--
-- Table structure for table `site_settings`
--

CREATE TABLE `site_settings` (
  `id` bigint(20) UNSIGNED NOT NULL,
  `product_stock` int(11) NOT NULL,
  `phone` varchar(255) DEFAULT NULL,
  `token` varchar(2000) DEFAULT NULL,
  `created_at` timestamp NULL DEFAULT NULL,
  `updated_at` timestamp NULL DEFAULT NULL
) ENGINE=InnoDB DEFAULT CHARSET=utf8mb4 COLLATE=utf8mb4_unicode_ci;

--
-- Dumping data for table `site_settings`
--

INSERT INTO `site_settings` (`id`, `product_stock`, `phone`, `token`, `created_at`, `updated_at`) VALUES
(1, -7682, '07711497413', 'eyJhbGciOiJIUzI1NiIsInR5cCI6IkpXVCJ9.eyJJZCI6IjA0YzJjMTdlLTAwNmUtNDllYi04NmE1LTAyNDM1YTA5NzdiNCIsIlRlbmFudElkIjoiNCIsIlRlbmFudE5hbWUiOiLYp9mE2LHZg9in2KjZiiDYp9mE2KrYp9is2LEiLCJDb3VudHJ5SWQiOiIxIiwiVXNlcm5hbWUiOiJodTIzOG4yIiwiUm9sZXMiOiIiLCJQcml2aWxlZ2VzIjoiIiwiTWV0aG9kcyI6IiIsIkxvZ29OYW1lIjoiIiwianRpIjoiN2M1OGZmNWEtNTFlZi00MzQzLTljYWUtMTczMzY3MThjZTk5IiwiVXNlclR5cGUiOiI1IiwiSXNGaXJzdExvZ2luIjoiRmFsc2UiLCJGdWxsTmFtZSI6Itit2LPZitmGINin2YTYsdmD2KfYqNmKINin2YTYqtin2KzYsSIsIkVtYWlsIjoiaHUyMzhuQGdtYWlsLmNvbSIsIm5iZiI6MTcxNzUyNjA1MywiZXhwIjoxNzE3Nzg1MjUzLCJpc3MiOiJJc3N1ZXIiLCJhdWQiOiJBdWRpZW5jZSJ9.1EFpA2CpF4Xm9icuPgyw65dfmSzJL2qkvnurbPyb8So', '2022-12-28 11:14:40', '2025-05-09 20:58:43');

-- --------------------------------------------------------

--
-- Table structure for table `suppliers`
--

CREATE TABLE `suppliers` (
  `id` bigint(20) UNSIGNED NOT NULL,
  `name` varchar(255) NOT NULL,
  `contact_person` varchar(255) DEFAULT NULL,
  `email` varchar(255) DEFAULT NULL,
  `phone` varchar(255) DEFAULT NULL,
  `address` varchar(255) DEFAULT NULL,
  `company_name` varchar(255) DEFAULT NULL,
  `notes` text DEFAULT NULL,
  `is_active` tinyint(1) NOT NULL DEFAULT 1,
  `created_at` timestamp NULL DEFAULT NULL,
  `updated_at` timestamp NULL DEFAULT NULL
) ENGINE=InnoDB DEFAULT CHARSET=utf8mb4 COLLATE=utf8mb4_unicode_ci;

--
-- Dumping data for table `suppliers`
--

INSERT INTO `suppliers` (`id`, `name`, `contact_person`, `email`, `phone`, `address`, `company_name`, `notes`, `is_active`, `created_at`, `updated_at`) VALUES
(2, 'Test Supplier', 'Alias eos nemo earu', 'qecuguw@mailinator.com', 'Quae exercitation ne', 'Quam cupidatat odio', 'Ut amet nesciunt t', 'Atque anim cillum po', 1, '2025-07-02 13:02:35', '2025-07-02 13:02:35'),
(3, 'Amet qui eum dolor', 'Sit ut perferendis', 'ququ@mailinator.com', 'Nulla velit amet n', 'Assumenda labore exp', 'Perspiciatis volupt', 'Id dolore a ullamco', 1, '2025-07-04 14:19:46', '2025-07-04 14:19:46');

-- --------------------------------------------------------

--
-- Table structure for table `users`
--

CREATE TABLE `users` (
  `id` bigint(20) UNSIGNED NOT NULL,
  `name` varchar(255) NOT NULL,
  `email` varchar(255) NOT NULL,
  `email_verified_at` timestamp NULL DEFAULT NULL,
  `password` varchar(255) NOT NULL,
  `role` varchar(255) NOT NULL DEFAULT 'staff',
  `remember_token` varchar(100) DEFAULT NULL,
  `created_at` timestamp NULL DEFAULT NULL,
  `updated_at` timestamp NULL DEFAULT NULL
) ENGINE=InnoDB DEFAULT CHARSET=utf8mb4 COLLATE=utf8mb4_unicode_ci;

--
-- Dumping data for table `users`
--

INSERT INTO `users` (`id`, `name`, `email`, `email_verified_at`, `password`, `role`, `remember_token`, `created_at`, `updated_at`) VALUES
(1, 'Super Admin', 'super@admin.com', NULL, '$2a$12$Kj6bJPdSZKt7JRKXRoWFaOeXffM6ShwuXc/DNVUfOVDOH3EsAhVqm', 'super', NULL, '2022-12-24 17:25:27', '2024-12-29 15:30:17');

--
-- Indexes for dumped tables
--

--
-- Indexes for table `cities`
--
ALTER TABLE `cities`
  ADD PRIMARY KEY (`id`);

--
-- Indexes for table `customers`
--
ALTER TABLE `customers`
  ADD PRIMARY KEY (`id`);

--
-- Indexes for table `customer_sale_invoices`
--
ALTER TABLE `customer_sale_invoices`
  ADD PRIMARY KEY (`id`),
  ADD KEY `customer_sale_invoices_customer_id_foreign` (`customer_id`);

--
-- Indexes for table `customer_sale_payments`
--
ALTER TABLE `customer_sale_payments`
  ADD PRIMARY KEY (`id`),
  ADD KEY `customer_sale_payments_customer_sale_invoice_id_foreign` (`customer_sale_invoice_id`);

--
-- Indexes for table `departments`
--
ALTER TABLE `departments`
  ADD PRIMARY KEY (`id`);

--
-- Indexes for table `expenses`
--
ALTER TABLE `expenses`
  ADD PRIMARY KEY (`id`);

--
-- Indexes for table `failed_jobs`
--
ALTER TABLE `failed_jobs`
  ADD PRIMARY KEY (`id`),
  ADD UNIQUE KEY `failed_jobs_uuid_unique` (`uuid`);

--
-- Indexes for table `migrations`
--
ALTER TABLE `migrations`
  ADD PRIMARY KEY (`id`);

--
-- Indexes for table `model_has_permissions`
--
ALTER TABLE `model_has_permissions`
  ADD PRIMARY KEY (`permission_id`,`model_id`,`model_type`),
  ADD KEY `model_has_permissions_model_id_model_type_index` (`model_id`,`model_type`);

--
-- Indexes for table `model_has_roles`
--
ALTER TABLE `model_has_roles`
  ADD PRIMARY KEY (`role_id`,`model_id`,`model_type`),
  ADD KEY `model_has_roles_model_id_model_type_index` (`model_id`,`model_type`);

--
-- Indexes for table `orders`
--
ALTER TABLE `orders`
  ADD PRIMARY KEY (`id`),
  ADD UNIQUE KEY `orders_order_number_unique` (`order_number`);

--
-- Indexes for table `order_products`
--
ALTER TABLE `order_products`
  ADD PRIMARY KEY (`id`),
  ADD KEY `order_products_order_id_foreign` (`order_id`);

--
-- Indexes for table `pages`
--
ALTER TABLE `pages`
  ADD PRIMARY KEY (`id`);

--
-- Indexes for table `password_resets`
--
ALTER TABLE `password_resets`
  ADD KEY `password_resets_email_index` (`email`);

--
-- Indexes for table `permissions`
--
ALTER TABLE `permissions`
  ADD PRIMARY KEY (`id`),
  ADD UNIQUE KEY `permissions_name_guard_name_unique` (`name`,`guard_name`);

--
-- Indexes for table `personal_access_tokens`
--
ALTER TABLE `personal_access_tokens`
  ADD PRIMARY KEY (`id`),
  ADD UNIQUE KEY `personal_access_tokens_token_unique` (`token`),
  ADD KEY `personal_access_tokens_tokenable_type_tokenable_id_index` (`tokenable_type`,`tokenable_id`);

--
-- Indexes for table `products`
--
ALTER TABLE `products`
  ADD PRIMARY KEY (`id`);

--
-- Indexes for table `product_variations`
--
ALTER TABLE `product_variations`
  ADD PRIMARY KEY (`id`),
  ADD KEY `product_variations_product_id_foreign` (`product_id`);

--
-- Indexes for table `purchase_invoices`
--
ALTER TABLE `purchase_invoices`
  ADD PRIMARY KEY (`id`),
  ADD KEY `purchase_invoices_supplier_id_foreign` (`supplier_id`);

--
-- Indexes for table `purchase_payments`
--
ALTER TABLE `purchase_payments`
  ADD PRIMARY KEY (`id`),
  ADD KEY `purchase_payments_invoice_id_foreign` (`invoice_id`);

--
-- Indexes for table `roles`
--
ALTER TABLE `roles`
  ADD PRIMARY KEY (`id`),
  ADD UNIQUE KEY `roles_name_guard_name_unique` (`name`,`guard_name`);

--
-- Indexes for table `role_has_permissions`
--
ALTER TABLE `role_has_permissions`
  ADD PRIMARY KEY (`permission_id`,`role_id`),
  ADD KEY `role_has_permissions_role_id_foreign` (`role_id`);

--
-- Indexes for table `shippings`
--
ALTER TABLE `shippings`
  ADD PRIMARY KEY (`id`);

--
-- Indexes for table `site_settings`
--
ALTER TABLE `site_settings`
  ADD PRIMARY KEY (`id`);

--
-- Indexes for table `suppliers`
--
ALTER TABLE `suppliers`
  ADD PRIMARY KEY (`id`);

--
-- Indexes for table `users`
--
ALTER TABLE `users`
  ADD PRIMARY KEY (`id`),
  ADD UNIQUE KEY `users_email_unique` (`email`);

--
-- AUTO_INCREMENT for dumped tables
--

--
-- AUTO_INCREMENT for table `cities`
--
ALTER TABLE `cities`
  MODIFY `id` bigint(20) UNSIGNED NOT NULL AUTO_INCREMENT, AUTO_INCREMENT=3;

--
-- AUTO_INCREMENT for table `customers`
--
ALTER TABLE `customers`
  MODIFY `id` bigint(20) UNSIGNED NOT NULL AUTO_INCREMENT, AUTO_INCREMENT=2;

--
-- AUTO_INCREMENT for table `customer_sale_invoices`
--
ALTER TABLE `customer_sale_invoices`
  MODIFY `id` bigint(20) UNSIGNED NOT NULL AUTO_INCREMENT, AUTO_INCREMENT=3;

--
-- AUTO_INCREMENT for table `customer_sale_payments`
--
ALTER TABLE `customer_sale_payments`
  MODIFY `id` bigint(20) UNSIGNED NOT NULL AUTO_INCREMENT, AUTO_INCREMENT=3;

--
-- AUTO_INCREMENT for table `departments`
--
ALTER TABLE `departments`
  MODIFY `id` bigint(20) UNSIGNED NOT NULL AUTO_INCREMENT, AUTO_INCREMENT=3;

--
-- AUTO_INCREMENT for table `expenses`
--
ALTER TABLE `expenses`
  MODIFY `id` bigint(20) UNSIGNED NOT NULL AUTO_INCREMENT, AUTO_INCREMENT=3;

--
-- AUTO_INCREMENT for table `failed_jobs`
--
ALTER TABLE `failed_jobs`
  MODIFY `id` bigint(20) UNSIGNED NOT NULL AUTO_INCREMENT;

--
-- AUTO_INCREMENT for table `migrations`
--
ALTER TABLE `migrations`
  MODIFY `id` int(10) UNSIGNED NOT NULL AUTO_INCREMENT, AUTO_INCREMENT=17;

--
-- AUTO_INCREMENT for table `orders`
--
ALTER TABLE `orders`
  MODIFY `id` bigint(20) UNSIGNED NOT NULL AUTO_INCREMENT, AUTO_INCREMENT=1746;

--
-- AUTO_INCREMENT for table `order_products`
--
ALTER TABLE `order_products`
  MODIFY `id` bigint(20) UNSIGNED NOT NULL AUTO_INCREMENT, AUTO_INCREMENT=805;

--
-- AUTO_INCREMENT for table `pages`
--
ALTER TABLE `pages`
  MODIFY `id` bigint(20) UNSIGNED NOT NULL AUTO_INCREMENT, AUTO_INCREMENT=6;

--
-- AUTO_INCREMENT for table `permissions`
--
ALTER TABLE `permissions`
  MODIFY `id` bigint(20) UNSIGNED NOT NULL AUTO_INCREMENT;

--
-- AUTO_INCREMENT for table `personal_access_tokens`
--
ALTER TABLE `personal_access_tokens`
  MODIFY `id` bigint(20) UNSIGNED NOT NULL AUTO_INCREMENT;

--
-- AUTO_INCREMENT for table `products`
--
ALTER TABLE `products`
  MODIFY `id` bigint(20) UNSIGNED NOT NULL AUTO_INCREMENT, AUTO_INCREMENT=86;

--
-- AUTO_INCREMENT for table `product_variations`
--
ALTER TABLE `product_variations`
  MODIFY `id` bigint(20) UNSIGNED NOT NULL AUTO_INCREMENT, AUTO_INCREMENT=473;

--
-- AUTO_INCREMENT for table `purchase_invoices`
--
ALTER TABLE `purchase_invoices`
  MODIFY `id` bigint(20) UNSIGNED NOT NULL AUTO_INCREMENT, AUTO_INCREMENT=9;

--
-- AUTO_INCREMENT for table `purchase_payments`
--
ALTER TABLE `purchase_payments`
  MODIFY `id` bigint(20) UNSIGNED NOT NULL AUTO_INCREMENT, AUTO_INCREMENT=3;

--
-- AUTO_INCREMENT for table `roles`
--
ALTER TABLE `roles`
  MODIFY `id` bigint(20) UNSIGNED NOT NULL AUTO_INCREMENT, AUTO_INCREMENT=2;

--
-- AUTO_INCREMENT for table `shippings`
--
ALTER TABLE `shippings`
  MODIFY `id` bigint(20) UNSIGNED NOT NULL AUTO_INCREMENT, AUTO_INCREMENT=3;

--
-- AUTO_INCREMENT for table `site_settings`
--
ALTER TABLE `site_settings`
  MODIFY `id` bigint(20) UNSIGNED NOT NULL AUTO_INCREMENT, AUTO_INCREMENT=2;

--
-- AUTO_INCREMENT for table `suppliers`
--
ALTER TABLE `suppliers`
  MODIFY `id` bigint(20) UNSIGNED NOT NULL AUTO_INCREMENT, AUTO_INCREMENT=4;

--
-- AUTO_INCREMENT for table `users`
--
ALTER TABLE `users`
  MODIFY `id` bigint(20) UNSIGNED NOT NULL AUTO_INCREMENT, AUTO_INCREMENT=2;

--
-- Constraints for dumped tables
--

--
-- Constraints for table `customer_sale_invoices`
--
ALTER TABLE `customer_sale_invoices`
  ADD CONSTRAINT `customer_sale_invoices_customer_id_foreign` FOREIGN KEY (`customer_id`) REFERENCES `customers` (`id`) ON DELETE CASCADE;

--
-- Constraints for table `customer_sale_payments`
--
ALTER TABLE `customer_sale_payments`
  ADD CONSTRAINT `customer_sale_payments_customer_sale_invoice_id_foreign` FOREIGN KEY (`customer_sale_invoice_id`) REFERENCES `customer_sale_invoices` (`id`) ON DELETE CASCADE;

--
-- Constraints for table `model_has_permissions`
--
ALTER TABLE `model_has_permissions`
  ADD CONSTRAINT `model_has_permissions_permission_id_foreign` FOREIGN KEY (`permission_id`) REFERENCES `permissions` (`id`) ON DELETE CASCADE;

--
-- Constraints for table `model_has_roles`
--
ALTER TABLE `model_has_roles`
  ADD CONSTRAINT `model_has_roles_role_id_foreign` FOREIGN KEY (`role_id`) REFERENCES `roles` (`id`) ON DELETE CASCADE;

--
-- Constraints for table `purchase_invoices`
--
ALTER TABLE `purchase_invoices`
  ADD CONSTRAINT `purchase_invoices_supplier_id_foreign` FOREIGN KEY (`supplier_id`) REFERENCES `suppliers` (`id`) ON DELETE CASCADE;

--
-- Constraints for table `purchase_payments`
--
ALTER TABLE `purchase_payments`
  ADD CONSTRAINT `purchase_payments_invoice_id_foreign` FOREIGN KEY (`invoice_id`) REFERENCES `purchase_invoices` (`id`) ON DELETE CASCADE;

--
-- Constraints for table `role_has_permissions`
--
ALTER TABLE `role_has_permissions`
  ADD CONSTRAINT `role_has_permissions_permission_id_foreign` FOREIGN KEY (`permission_id`) REFERENCES `permissions` (`id`) ON DELETE CASCADE,
  ADD CONSTRAINT `role_has_permissions_role_id_foreign` FOREIGN KEY (`role_id`) REFERENCES `roles` (`id`) ON DELETE CASCADE;
COMMIT;

/*!40101 SET CHARACTER_SET_CLIENT=@OLD_CHARACTER_SET_CLIENT */;
/*!40101 SET CHARACTER_SET_RESULTS=@OLD_CHARACTER_SET_RESULTS */;
/*!40101 SET COLLATION_CONNECTION=@OLD_COLLATION_CONNECTION */;
